Timestamp,Frame,Potholes,Confidence,Severity,Area_Percentage
00:00,1,7,0.562,MEDIUM,2.137
00:00,1,7,0.523,MEDIUM,2.110
00:00,1,7,0.484,HIGH,20.467
00:00,1,7,0.459,LOW,0.966
00:00,1,7,0.312,LOW,1.343
00:00,1,7,0.282,MEDIUM,2.570
00:00,1,7,0.276,LOW,0.326
00:00,2,4,0.559,MEDIUM,2.156
00:00,2,4,0.540,LOW,0.784
00:00,2,4,0.443,HIGH,20.232
00:00,2,4,0.377,MEDIUM,2.068
00:00,3,5,0.615,MEDIUM,2.111
00:00,3,5,0.521,LOW,0.773
00:00,3,5,0.422,MEDIUM,2.519
00:00,3,5,0.410,HIGH,21.027
00:00,3,5,0.343,LOW,1.727
00:00,4,5,0.619,MEDIUM,2.033
00:00,4,5,0.531,LOW,0.698
00:00,4,5,0.410,MEDIUM,2.302
00:00,4,5,0.333,HIGH,20.187
00:00,4,5,0.300,LOW,1.770
00:00,5,5,0.617,LOW,0.778
00:00,5,5,0.589,MEDIUM,2.094
00:00,5,5,0.523,MEDIUM,2.398
00:00,5,5,0.297,LOW,1.712
00:00,5,5,0.268,LOW,1.417
00:00,6,6,0.638,LOW,0.758
00:00,6,6,0.571,MEDIUM,2.139
00:00,6,6,0.512,MEDIUM,2.476
00:00,6,6,0.446,LOW,1.981
00:00,6,6,0.267,HIGH,17.051
00:00,6,6,0.261,LOW,1.359
00:00,7,6,0.642,LOW,0.792
00:00,7,6,0.640,MEDIUM,2.424
00:00,7,6,0.574,MEDIUM,2.098
00:00,7,6,0.439,MEDIUM,2.176
00:00,7,6,0.307,LOW,0.543
00:00,7,6,0.259,LOW,1.271
00:00,8,6,0.698,LOW,0.762
00:00,8,6,0.589,MEDIUM,2.764
00:00,8,6,0.583,MEDIUM,2.186
00:00,8,6,0.457,LOW,1.369
00:00,8,6,0.432,MEDIUM,2.148
00:00,8,6,0.330,LOW,0.599
00:00,9,8,0.708,LOW,0.788
00:00,9,8,0.575,MEDIUM,2.122
00:00,9,8,0.558,MEDIUM,2.075
00:00,9,8,0.491,MEDIUM,3.034
00:00,9,8,0.386,LOW,1.349
00:00,9,8,0.312,LOW,0.599
00:00,9,8,0.304,MEDIUM,6.615
00:00,9,8,0.263,MEDIUM,3.183
00:00,10,6,0.685,LOW,0.844
00:00,10,6,0.583,MEDIUM,2.107
00:00,10,6,0.507,MEDIUM,2.027
00:00,10,6,0.496,MEDIUM,3.081
00:00,10,6,0.419,MEDIUM,3.145
00:00,10,6,0.373,LOW,1.342
00:00,11,7,0.641,LOW,0.874
00:00,11,7,0.535,MEDIUM,2.882
00:00,11,7,0.531,LOW,1.977
00:00,11,7,0.494,MEDIUM,2.197
00:00,11,7,0.365,MEDIUM,3.061
00:00,11,7,0.314,LOW,1.414
00:00,11,7,0.259,MEDIUM,6.406
00:00,12,6,0.630,LOW,0.884
00:00,12,6,0.619,MEDIUM,2.762
00:00,12,6,0.523,MEDIUM,2.076
00:00,12,6,0.445,LOW,1.410
00:00,12,6,0.366,MEDIUM,2.362
00:00,12,6,0.365,MEDIUM,3.097
00:00,13,5,0.632,LOW,0.859
00:00,13,5,0.610,MEDIUM,2.924
00:00,13,5,0.558,MEDIUM,2.185
00:00,13,5,0.411,MEDIUM,2.462
00:00,13,5,0.383,LOW,1.364
00:00,14,5,0.669,MEDIUM,2.963
00:00,14,5,0.618,LOW,0.832
00:00,14,5,0.598,MEDIUM,2.175
00:00,14,5,0.364,LOW,1.383
00:00,14,5,0.362,MEDIUM,2.533
00:00,15,8,0.702,LOW,0.910
00:00,15,8,0.698,MEDIUM,3.316
00:00,15,8,0.606,MEDIUM,2.223
00:00,15,8,0.379,LOW,0.512
00:00,15,8,0.365,MEDIUM,2.730
00:00,15,8,0.295,HIGH,21.278
00:00,15,8,0.273,HIGH,35.027
00:00,15,8,0.251,LOW,1.327
00:00,16,4,0.725,LOW,0.920
00:00,16,4,0.687,MEDIUM,3.371
00:00,16,4,0.630,MEDIUM,2.291
00:00,16,4,0.492,LOW,0.512
00:00,17,7,0.727,LOW,0.948
00:00,17,7,0.704,MEDIUM,3.507
00:00,17,7,0.563,MEDIUM,2.370
00:00,17,7,0.374,LOW,0.531
00:00,17,7,0.368,HIGH,19.499
00:00,17,7,0.261,HIGH,30.032
00:00,17,7,0.254,MEDIUM,5.973
00:00,18,7,0.752,MEDIUM,3.757
00:00,18,7,0.657,LOW,1.023
00:00,18,7,0.539,MEDIUM,2.426
00:00,18,7,0.346,LOW,0.413
00:00,18,7,0.301,MEDIUM,6.207
00:00,18,7,0.281,HIGH,10.320
00:00,18,7,0.265,LOW,1.586
00:00,19,5,0.775,MEDIUM,4.263
00:00,19,5,0.596,LOW,1.216
00:00,19,5,0.560,MEDIUM,2.447
00:00,19,5,0.414,LOW,0.415
00:00,19,5,0.399,HIGH,10.208
00:00,20,6,0.760,MEDIUM,4.181
00:00,20,6,0.587,MEDIUM,2.447
00:00,20,6,0.561,LOW,1.161
00:00,20,6,0.402,MEDIUM,2.844
00:00,20,6,0.331,HIGH,10.291
00:00,20,6,0.316,LOW,0.373
00:00,21,6,0.774,MEDIUM,4.494
00:00,21,6,0.620,LOW,1.238
00:00,21,6,0.547,MEDIUM,2.445
00:00,21,6,0.348,LOW,0.387
00:00,21,6,0.345,HIGH,10.452
00:00,21,6,0.269,HIGH,7.215
00:00,22,7,0.803,MEDIUM,4.897
00:00,22,7,0.663,LOW,1.188
00:00,22,7,0.562,MEDIUM,2.419
00:00,22,7,0.481,LOW,0.555
00:00,22,7,0.358,HIGH,7.870
00:00,22,7,0.262,LOW,1.582
00:00,22,7,0.251,MEDIUM,5.495
00:00,23,6,0.741,MEDIUM,5.655
00:00,23,6,0.721,LOW,1.296
00:00,23,6,0.596,MEDIUM,2.403
00:00,23,6,0.538,HIGH,7.885
00:00,23,6,0.518,LOW,0.501
00:00,23,6,0.277,MEDIUM,2.187
00:00,24,5,0.747,MEDIUM,5.721
00:00,24,5,0.741,LOW,1.204
00:00,24,5,0.583,MEDIUM,2.329
00:00,24,5,0.508,LOW,0.495
00:00,24,5,0.490,HIGH,7.854
00:01,25,6,0.746,LOW,1.416
00:01,25,6,0.708,MEDIUM,6.837
00:01,25,6,0.625,MEDIUM,6.799
00:01,25,6,0.603,MEDIUM,2.474
00:01,25,6,0.497,LOW,0.532
00:01,25,6,0.259,HIGH,10.928
00:01,26,6,0.745,LOW,1.454
00:01,26,6,0.669,MEDIUM,6.831
00:01,26,6,0.634,MEDIUM,6.598
00:01,26,6,0.593,MEDIUM,2.489
00:01,26,6,0.448,LOW,0.522
00:01,26,6,0.270,LOW,1.352
00:01,27,6,0.745,HIGH,7.089
00:01,27,6,0.696,LOW,1.505
00:01,27,6,0.596,MEDIUM,6.898
00:01,27,6,0.568,MEDIUM,2.417
00:01,27,6,0.490,LOW,0.515
00:01,27,6,0.328,MEDIUM,3.467
00:01,28,8,0.745,MEDIUM,6.705
00:01,28,8,0.684,LOW,1.557
00:01,28,8,0.562,MEDIUM,3.383
00:01,28,8,0.483,HIGH,7.353
00:01,28,8,0.455,MEDIUM,2.346
00:01,28,8,0.286,HIGH,12.479
00:01,28,8,0.272,LOW,1.500
00:01,28,8,0.262,LOW,0.685
00:01,29,8,0.719,LOW,1.532
00:01,29,8,0.716,MEDIUM,6.593
00:01,29,8,0.532,MEDIUM,3.319
00:01,29,8,0.522,HIGH,8.297
00:01,29,8,0.472,MEDIUM,2.214
00:01,29,8,0.284,LOW,1.387
00:01,29,8,0.264,LOW,0.668
00:01,29,8,0.260,HIGH,12.283
00:01,30,6,0.678,MEDIUM,6.527
00:01,30,6,0.665,LOW,1.544
00:01,30,6,0.552,HIGH,8.358
00:01,30,6,0.512,MEDIUM,2.268
00:01,30,6,0.426,MEDIUM,3.424
00:01,30,6,0.314,LOW,0.995
00:01,31,7,0.702,LOW,1.573
00:01,31,7,0.656,HIGH,7.904
00:01,31,7,0.629,MEDIUM,5.992
00:01,31,7,0.560,MEDIUM,2.526
00:01,31,7,0.433,LOW,0.823
00:01,31,7,0.311,LOW,1.017
00:01,31,7,0.282,LOW,0.476
00:01,32,6,0.744,LOW,1.790
00:01,32,6,0.638,MEDIUM,6.934
00:01,32,6,0.627,MEDIUM,4.547
00:01,32,6,0.532,MEDIUM,3.313
00:01,32,6,0.296,LOW,1.006
00:01,32,6,0.292,LOW,1.277
00:01,33,5,0.703,LOW,1.837
00:01,33,5,0.643,MEDIUM,4.370
00:01,33,5,0.546,HIGH,7.080
00:01,33,5,0.540,MEDIUM,3.240
00:01,33,5,0.275,LOW,0.987
00:01,34,5,0.699,LOW,1.847
00:01,34,5,0.626,HIGH,8.751
00:01,34,5,0.551,MEDIUM,3.194
00:01,34,5,0.498,MEDIUM,4.236
00:01,34,5,0.250,LOW,1.027
00:01,35,6,0.691,MEDIUM,2.009
00:01,35,6,0.572,LOW,1.237
00:01,35,6,0.513,MEDIUM,3.165
00:01,35,6,0.484,HIGH,9.955
00:01,35,6,0.472,HIGH,8.850
00:01,35,6,0.401,LOW,0.940
00:01,36,8,0.785,MEDIUM,2.077
00:01,36,8,0.533,MEDIUM,3.244
00:01,36,8,0.524,HIGH,10.415
00:01,36,8,0.519,HIGH,9.360
00:01,36,8,0.413,LOW,1.409
00:01,36,8,0.411,LOW,1.006
00:01,36,8,0.307,LOW,1.780
00:01,36,8,0.290,LOW,0.585
00:01,37,8,0.801,MEDIUM,2.100
00:01,37,8,0.528,MEDIUM,3.134
00:01,37,8,0.460,LOW,1.206
00:01,37,8,0.444,HIGH,10.225
00:01,37,8,0.420,HIGH,8.789
00:01,37,8,0.326,LOW,1.658
00:01,37,8,0.295,LOW,1.137
00:01,37,8,0.280,LOW,0.503
00:01,38,10,0.767,MEDIUM,2.127
00:01,38,10,0.580,MEDIUM,2.555
00:01,38,10,0.535,LOW,1.492
00:01,38,10,0.379,HIGH,11.886
00:01,38,10,0.339,MEDIUM,2.237
00:01,38,10,0.332,LOW,0.472
00:01,38,10,0.285,MEDIUM,2.311
00:01,38,10,0.279,MEDIUM,3.771
00:01,38,10,0.265,LOW,1.213
00:01,38,10,0.256,LOW,1.601
00:01,39,9,0.734,MEDIUM,2.094
00:01,39,9,0.592,LOW,1.567
00:01,39,9,0.563,MEDIUM,2.554
00:01,39,9,0.520,HIGH,14.176
00:01,39,9,0.459,LOW,1.044
00:01,39,9,0.323,MEDIUM,2.695
00:01,39,9,0.312,LOW,1.465
00:01,39,9,0.290,LOW,0.486
00:01,39,9,0.273,LOW,1.656
00:01,40,7,0.691,MEDIUM,2.095
00:01,40,7,0.649,HIGH,15.166
00:01,40,7,0.580,MEDIUM,2.654
00:01,40,7,0.550,LOW,1.183
00:01,40,7,0.427,LOW,0.576
00:01,40,7,0.310,MEDIUM,2.599
00:01,40,7,0.286,LOW,1.746
00:01,41,6,0.744,MEDIUM,2.220
00:01,41,6,0.563,HIGH,14.163
00:01,41,6,0.546,MEDIUM,3.237
00:01,41,6,0.472,LOW,1.963
00:01,41,6,0.337,LOW,0.515
00:01,41,6,0.307,MEDIUM,2.635
00:01,42,9,0.743,MEDIUM,2.350
00:01,42,9,0.583,MEDIUM,3.215
00:01,42,9,0.503,HIGH,16.810
00:01,42,9,0.471,LOW,1.847
00:01,42,9,0.394,LOW,1.160
00:01,42,9,0.352,LOW,0.583
00:01,42,9,0.317,HIGH,24.556
00:01,42,9,0.296,MEDIUM,2.494
00:01,42,9,0.286,LOW,1.863
00:01,43,8,0.656,MEDIUM,2.382
00:01,43,8,0.601,MEDIUM,3.162
00:01,43,8,0.575,LOW,1.049
00:01,43,8,0.553,HIGH,17.450
00:01,43,8,0.387,LOW,1.886
00:01,43,8,0.359,LOW,1.579
00:01,43,8,0.292,LOW,0.585
00:01,43,8,0.260,LOW,0.558
00:01,44,9,0.699,MEDIUM,2.416
00:01,44,9,0.660,LOW,1.088
00:01,44,9,0.596,MEDIUM,3.129
00:01,44,9,0.526,LOW,1.653
00:01,44,9,0.509,HIGH,16.071
00:01,44,9,0.388,HIGH,23.276
00:01,44,9,0.357,LOW,1.716
00:01,44,9,0.354,LOW,0.637
00:01,44,9,0.310,LOW,0.535
00:01,45,10,0.760,MEDIUM,2.712
00:01,45,10,0.679,LOW,1.388
00:01,45,10,0.633,MEDIUM,3.180
00:01,45,10,0.608,HIGH,21.019
00:01,45,10,0.500,HIGH,13.425
00:01,45,10,0.416,LOW,0.459
00:01,45,10,0.408,LOW,1.978
00:01,45,10,0.311,MEDIUM,2.602
00:01,45,10,0.291,LOW,1.646
00:01,45,10,0.288,LOW,1.971
00:01,46,9,0.794,MEDIUM,2.774
00:01,46,9,0.737,LOW,1.309
00:01,46,9,0.622,MEDIUM,3.221
00:01,46,9,0.565,HIGH,16.293
00:01,46,9,0.450,MEDIUM,2.032
00:01,46,9,0.339,MEDIUM,2.117
00:01,46,9,0.330,MEDIUM,2.467
00:01,46,9,0.311,LOW,0.588
00:01,46,9,0.267,HIGH,22.165
00:01,47,10,0.815,MEDIUM,2.799
00:01,47,10,0.744,LOW,1.373
00:01,47,10,0.630,MEDIUM,3.214
00:01,47,10,0.602,HIGH,22.308
00:01,47,10,0.433,MEDIUM,2.356
00:01,47,10,0.394,MEDIUM,2.056
00:01,47,10,0.382,HIGH,14.819
00:01,47,10,0.320,MEDIUM,2.597
00:01,47,10,0.300,LOW,0.530
00:01,47,10,0.297,LOW,1.717
00:01,48,10,0.717,LOW,1.412
00:01,48,10,0.636,HIGH,15.272
00:01,48,10,0.632,MEDIUM,2.953
00:01,48,10,0.603,MEDIUM,3.110
00:01,48,10,0.409,LOW,0.562
00:01,48,10,0.393,MEDIUM,2.107
00:01,48,10,0.356,MEDIUM,5.963
00:01,48,10,0.292,HIGH,21.274
00:01,48,10,0.262,LOW,0.564
00:01,48,10,0.254,MEDIUM,2.236
00:01,49,8,0.762,LOW,1.475
00:01,49,8,0.634,MEDIUM,2.818
00:01,49,8,0.607,MEDIUM,3.087
00:01,49,8,0.570,HIGH,20.450
00:01,49,8,0.386,LOW,0.597
00:01,49,8,0.365,LOW,1.486
00:01,49,8,0.341,MEDIUM,3.003
00:01,49,8,0.253,LOW,0.561
00:02,50,8,0.762,LOW,1.523
00:02,50,8,0.641,MEDIUM,2.673
00:02,50,8,0.614,MEDIUM,3.321
00:02,50,8,0.472,LOW,1.894
00:02,50,8,0.435,LOW,0.654
00:02,50,8,0.413,MEDIUM,3.056
00:02,50,8,0.372,HIGH,19.585
00:02,50,8,0.269,MEDIUM,5.940
00:02,51,7,0.724,LOW,1.602
00:02,51,7,0.630,MEDIUM,3.446
00:02,51,7,0.618,MEDIUM,2.668
00:02,51,7,0.446,LOW,0.668
00:02,51,7,0.378,HIGH,14.285
00:02,51,7,0.364,MEDIUM,2.916
00:02,51,7,0.265,MEDIUM,5.903
00:02,52,10,0.758,LOW,1.735
00:02,52,10,0.618,MEDIUM,3.553
00:02,52,10,0.563,MEDIUM,2.924
00:02,52,10,0.549,MEDIUM,5.955
00:02,52,10,0.518,HIGH,20.977
00:02,52,10,0.435,MEDIUM,2.708
00:02,52,10,0.369,LOW,0.601
00:02,52,10,0.304,HIGH,8.580
00:02,52,10,0.296,LOW,0.674
00:02,52,10,0.263,LOW,1.763
00:02,53,7,0.737,LOW,1.987
00:02,53,7,0.640,MEDIUM,2.823
00:02,53,7,0.635,MEDIUM,3.574
00:02,53,7,0.448,MEDIUM,2.957
00:02,53,7,0.391,MEDIUM,6.126
00:02,53,7,0.308,LOW,0.635
00:02,53,7,0.298,HIGH,9.234
00:02,54,8,0.754,LOW,1.973
00:02,54,8,0.671,MEDIUM,2.844
00:02,54,8,0.644,MEDIUM,3.522
00:02,54,8,0.484,MEDIUM,3.110
00:02,54,8,0.349,HIGH,10.522
00:02,54,8,0.335,LOW,0.686
00:02,54,8,0.329,HIGH,21.110
00:02,54,8,0.256,LOW,1.120
00:02,55,9,0.778,MEDIUM,2.048
00:02,55,9,0.704,MEDIUM,4.022
00:02,55,9,0.635,MEDIUM,2.731
00:02,55,9,0.409,MEDIUM,2.697
00:02,55,9,0.367,HIGH,9.924
00:02,55,9,0.354,HIGH,16.940
00:02,55,9,0.320,LOW,0.759
00:02,55,9,0.305,LOW,1.815
00:02,55,9,0.282,MEDIUM,6.453
00:02,56,9,0.829,MEDIUM,2.232
00:02,56,9,0.714,MEDIUM,3.959
00:02,56,9,0.675,MEDIUM,2.563
00:02,56,9,0.454,MEDIUM,2.842
00:02,56,9,0.407,HIGH,7.097
00:02,56,9,0.386,HIGH,10.365
00:02,56,9,0.373,LOW,0.721
00:02,56,9,0.326,HIGH,16.107
00:02,56,9,0.256,LOW,1.961
00:02,57,8,0.731,MEDIUM,2.311
00:02,57,8,0.715,MEDIUM,3.808
00:02,57,8,0.706,MEDIUM,2.595
00:02,57,8,0.485,MEDIUM,2.589
00:02,57,8,0.467,HIGH,15.455
00:02,57,8,0.428,HIGH,12.923
00:02,57,8,0.425,LOW,0.726
00:02,57,8,0.397,LOW,1.380
00:02,58,9,0.832,MEDIUM,2.474
00:02,58,9,0.714,MEDIUM,3.726
00:02,58,9,0.642,MEDIUM,2.792
00:02,58,9,0.485,MEDIUM,3.233
00:02,58,9,0.432,HIGH,13.486
00:02,58,9,0.423,HIGH,13.608
00:02,58,9,0.388,LOW,0.709
00:02,58,9,0.301,LOW,1.676
00:02,58,9,0.293,MEDIUM,2.460
00:02,59,8,0.784,MEDIUM,2.465
00:02,59,8,0.722,MEDIUM,3.976
00:02,59,8,0.644,MEDIUM,2.746
00:02,59,8,0.464,MEDIUM,2.924
00:02,59,8,0.419,LOW,0.736
00:02,59,8,0.373,HIGH,13.779
00:02,59,8,0.308,MEDIUM,2.744
00:02,59,8,0.255,LOW,1.914
00:02,60,7,0.745,MEDIUM,2.629
00:02,60,7,0.694,MEDIUM,4.003
00:02,60,7,0.642,MEDIUM,2.653
00:02,60,7,0.453,LOW,0.764
00:02,60,7,0.440,MEDIUM,2.350
00:02,60,7,0.398,MEDIUM,2.682
00:02,60,7,0.277,LOW,1.827
00:02,61,8,0.701,MEDIUM,2.714
00:02,61,8,0.693,MEDIUM,3.981
00:02,61,8,0.625,MEDIUM,2.980
00:02,61,8,0.534,MEDIUM,2.388
00:02,61,8,0.501,LOW,0.788
00:02,61,8,0.481,MEDIUM,2.599
00:02,61,8,0.312,LOW,1.059
00:02,61,8,0.270,HIGH,7.670
00:02,62,8,0.721,MEDIUM,2.909
00:02,62,8,0.671,MEDIUM,4.676
00:02,62,8,0.631,MEDIUM,2.419
00:02,62,8,0.617,MEDIUM,2.489
00:02,62,8,0.598,MEDIUM,2.724
00:02,62,8,0.413,LOW,0.895
00:02,62,8,0.412,LOW,0.765
00:02,62,8,0.281,MEDIUM,3.692
00:02,63,10,0.735,MEDIUM,3.080
00:02,63,10,0.689,MEDIUM,4.674
00:02,63,10,0.662,MEDIUM,2.676
00:02,63,10,0.590,MEDIUM,2.437
00:02,63,10,0.510,MEDIUM,2.732
00:02,63,10,0.408,LOW,0.733
00:02,63,10,0.324,HIGH,8.321
00:02,63,10,0.316,LOW,1.007
00:02,63,10,0.316,LOW,1.107
00:02,63,10,0.253,MEDIUM,3.471
00:02,64,9,0.763,MEDIUM,3.266
00:02,64,9,0.725,MEDIUM,4.976
00:02,64,9,0.589,MEDIUM,2.410
00:02,64,9,0.563,MEDIUM,2.843
00:02,64,9,0.545,MEDIUM,2.751
00:02,64,9,0.396,LOW,0.722
00:02,64,9,0.385,HIGH,8.057
00:02,64,9,0.368,LOW,0.995
00:02,64,9,0.258,HIGH,7.550
00:02,65,8,0.784,MEDIUM,5.082
00:02,65,8,0.752,MEDIUM,3.502
00:02,65,8,0.586,MEDIUM,2.946
00:02,65,8,0.526,MEDIUM,2.997
00:02,65,8,0.498,MEDIUM,2.313
00:02,65,8,0.441,LOW,0.775
00:02,65,8,0.383,LOW,1.168
00:02,65,8,0.258,HIGH,7.636
00:02,66,8,0.777,MEDIUM,5.131
00:02,66,8,0.723,MEDIUM,4.088
00:02,66,8,0.569,MEDIUM,3.073
00:02,66,8,0.566,MEDIUM,2.798
00:02,66,8,0.476,MEDIUM,2.109
00:02,66,8,0.424,LOW,0.799
00:02,66,8,0.377,LOW,1.273
00:02,66,8,0.307,LOW,1.404
00:02,67,7,0.765,MEDIUM,5.780
00:02,67,7,0.708,MEDIUM,3.476
00:02,67,7,0.623,MEDIUM,3.133
00:02,67,7,0.602,MEDIUM,3.051
00:02,67,7,0.456,LOW,0.789
00:02,67,7,0.456,MEDIUM,2.050
00:02,67,7,0.442,LOW,1.228
00:02,68,7,0.765,MEDIUM,5.982
00:02,68,7,0.672,MEDIUM,2.711
00:02,68,7,0.636,MEDIUM,3.109
00:02,68,7,0.577,MEDIUM,2.975
00:02,68,7,0.483,LOW,0.855
00:02,68,7,0.476,LOW,1.153
00:02,68,7,0.263,LOW,1.457
00:02,69,8,0.773,MEDIUM,6.275
00:02,69,8,0.662,MEDIUM,3.746
00:02,69,8,0.617,MEDIUM,2.971
00:02,69,8,0.565,MEDIUM,2.645
00:02,69,8,0.469,LOW,0.820
00:02,69,8,0.382,LOW,1.142
00:02,69,8,0.359,MEDIUM,3.931
00:02,69,8,0.252,LOW,1.491
00:02,70,8,0.786,MEDIUM,6.316
00:02,70,8,0.690,MEDIUM,3.455
00:02,70,8,0.630,MEDIUM,3.031
00:02,70,8,0.581,MEDIUM,2.112
00:02,70,8,0.432,LOW,0.800
00:02,70,8,0.401,LOW,1.223
00:02,70,8,0.328,LOW,1.405
00:02,70,8,0.293,MEDIUM,3.728
00:02,71,9,0.776,MEDIUM,6.709
00:02,71,9,0.659,MEDIUM,3.436
00:02,71,9,0.604,MEDIUM,2.844
00:02,71,9,0.523,LOW,1.707
00:02,71,9,0.469,LOW,0.841
00:02,71,9,0.385,LOW,1.365
00:02,71,9,0.327,MEDIUM,2.370
00:02,71,9,0.318,LOW,1.476
00:02,71,9,0.273,MEDIUM,3.716
00:02,72,5,0.775,HIGH,7.044
00:02,72,5,0.673,MEDIUM,4.169
00:02,72,5,0.600,MEDIUM,3.222
00:02,72,5,0.413,LOW,0.905
00:02,72,5,0.265,LOW,1.229
00:02,73,7,0.758,MEDIUM,6.794
00:02,73,7,0.733,MEDIUM,4.230
00:02,73,7,0.607,MEDIUM,3.221
00:02,73,7,0.475,LOW,0.942
00:02,73,7,0.370,LOW,1.228
00:02,73,7,0.322,LOW,1.431
00:02,73,7,0.257,MEDIUM,3.747
00:02,74,6,0.772,MEDIUM,6.663
00:02,74,6,0.738,MEDIUM,4.189
00:02,74,6,0.610,MEDIUM,3.303
00:02,74,6,0.480,LOW,1.018
00:02,74,6,0.410,LOW,1.118
00:02,74,6,0.270,LOW,1.486
00:03,75,7,0.792,MEDIUM,6.495
00:03,75,7,0.715,MEDIUM,4.305
00:03,75,7,0.666,MEDIUM,3.519
00:03,75,7,0.603,LOW,1.549
00:03,75,7,0.559,LOW,1.017
00:03,75,7,0.440,LOW,1.690
00:03,75,7,0.329,LOW,1.100
00:03,76,7,0.789,MEDIUM,6.306
00:03,76,7,0.707,MEDIUM,4.044
00:03,76,7,0.660,LOW,1.778
00:03,76,7,0.648,MEDIUM,3.329
00:03,76,7,0.588,LOW,0.982
00:03,76,7,0.422,LOW,1.744
00:03,76,7,0.391,LOW,1.104
00:03,77,7,0.743,MEDIUM,6.260
00:03,77,7,0.693,LOW,1.948
00:03,77,7,0.636,MEDIUM,3.322
00:03,77,7,0.616,MEDIUM,4.377
00:03,77,7,0.553,LOW,0.983
00:03,77,7,0.464,LOW,1.124
00:03,77,7,0.282,LOW,1.706
00:03,78,7,0.764,MEDIUM,6.669
00:03,78,7,0.661,LOW,1.974
00:03,78,7,0.625,MEDIUM,4.444
00:03,78,7,0.624,MEDIUM,3.501
00:03,78,7,0.550,LOW,1.139
00:03,78,7,0.462,LOW,1.084
00:03,78,7,0.419,LOW,1.612
00:03,79,8,0.750,HIGH,7.385
00:03,79,8,0.732,MEDIUM,2.267
00:03,79,8,0.648,MEDIUM,3.709
00:03,79,8,0.600,MEDIUM,4.655
00:03,79,8,0.530,LOW,1.150
00:03,79,8,0.423,LOW,1.131
00:03,79,8,0.355,LOW,1.375
00:03,79,8,0.280,LOW,1.033
00:03,80,8,0.791,HIGH,7.341
00:03,80,8,0.747,MEDIUM,2.067
00:03,80,8,0.644,MEDIUM,3.764
00:03,80,8,0.626,MEDIUM,5.507
00:03,80,8,0.519,LOW,1.170
00:03,80,8,0.389,LOW,1.071
00:03,80,8,0.301,MEDIUM,2.010
00:03,80,8,0.277,LOW,1.110
00:03,81,8,0.797,HIGH,7.318
00:03,81,8,0.744,MEDIUM,2.312
00:03,81,8,0.666,MEDIUM,3.469
00:03,81,8,0.616,MEDIUM,4.856
00:03,81,8,0.503,LOW,1.144
00:03,81,8,0.395,LOW,1.634
00:03,81,8,0.340,LOW,0.980
00:03,81,8,0.332,LOW,1.066
00:03,82,8,0.756,HIGH,7.074
00:03,82,8,0.699,MEDIUM,3.906
00:03,82,8,0.677,MEDIUM,2.517
00:03,82,8,0.633,MEDIUM,4.064
00:03,82,8,0.473,LOW,1.267
00:03,82,8,0.402,LOW,1.597
00:03,82,8,0.302,LOW,1.023
00:03,82,8,0.275,LOW,0.977
00:03,83,6,0.751,HIGH,7.249
00:03,83,6,0.731,MEDIUM,2.604
00:03,83,6,0.679,MEDIUM,3.796
00:03,83,6,0.656,MEDIUM,3.913
00:03,83,6,0.480,LOW,1.206
00:03,83,6,0.435,LOW,1.765
00:03,84,7,0.696,HIGH,7.234
00:03,84,7,0.654,MEDIUM,2.865
00:03,84,7,0.643,MEDIUM,3.381
00:03,84,7,0.606,MEDIUM,3.936
00:03,84,7,0.486,LOW,1.601
00:03,84,7,0.396,LOW,1.175
00:03,84,7,0.330,LOW,0.717
00:03,85,6,0.694,HIGH,7.232
00:03,85,6,0.681,MEDIUM,2.946
00:03,85,6,0.659,MEDIUM,3.802
00:03,85,6,0.567,MEDIUM,2.919
00:03,85,6,0.478,LOW,1.230
00:03,85,6,0.416,LOW,1.823
00:03,86,8,0.699,HIGH,7.376
00:03,86,8,0.692,MEDIUM,3.106
00:03,86,8,0.651,MEDIUM,4.812
00:03,86,8,0.536,MEDIUM,2.090
00:03,86,8,0.514,LOW,1.863
00:03,86,8,0.500,LOW,1.283
00:03,86,8,0.428,LOW,1.305
00:03,86,8,0.300,LOW,1.732
00:03,87,7,0.717,MEDIUM,6.962
00:03,87,7,0.708,MEDIUM,3.381
00:03,87,7,0.631,MEDIUM,4.899
00:03,87,7,0.543,LOW,1.258
00:03,87,7,0.416,LOW,1.828
00:03,87,7,0.349,LOW,1.934
00:03,87,7,0.286,LOW,1.346
00:03,88,5,0.765,MEDIUM,3.704
00:03,88,5,0.726,HIGH,7.061
00:03,88,5,0.585,MEDIUM,4.664
00:03,88,5,0.468,LOW,1.167
00:03,88,5,0.460,MEDIUM,2.146
00:03,89,6,0.717,MEDIUM,3.450
00:03,89,6,0.708,HIGH,7.173
00:03,89,6,0.594,MEDIUM,5.477
00:03,89,6,0.462,LOW,1.205
00:03,89,6,0.342,MEDIUM,2.173
00:03,89,6,0.339,MEDIUM,3.762
00:03,90,6,0.754,HIGH,7.123
00:03,90,6,0.714,MEDIUM,3.620
00:03,90,6,0.528,MEDIUM,3.824
00:03,90,6,0.463,LOW,1.231
00:03,90,6,0.315,HIGH,20.150
00:03,90,6,0.283,MEDIUM,2.181
00:03,91,6,0.777,MEDIUM,4.299
00:03,91,6,0.743,HIGH,7.682
00:03,91,6,0.518,MEDIUM,5.535
00:03,91,6,0.516,LOW,1.225
00:03,91,6,0.479,MEDIUM,3.839
00:03,91,6,0.430,LOW,1.879
00:03,92,8,0.786,MEDIUM,4.410
00:03,92,8,0.648,HIGH,7.375
00:03,92,8,0.637,MEDIUM,3.339
00:03,92,8,0.484,LOW,1.372
00:03,92,8,0.432,MEDIUM,2.718
00:03,92,8,0.395,LOW,1.914
00:03,92,8,0.318,LOW,1.404
00:03,92,8,0.311,HIGH,11.062
00:03,93,10,0.737,MEDIUM,4.410
00:03,93,10,0.705,HIGH,7.547
00:03,93,10,0.627,MEDIUM,3.499
00:03,93,10,0.518,LOW,1.261
00:03,93,10,0.431,MEDIUM,2.221
00:03,93,10,0.354,LOW,1.482
00:03,93,10,0.325,MEDIUM,2.623
00:03,93,10,0.286,MEDIUM,2.177
00:03,93,10,0.258,HIGH,11.331
00:03,93,10,0.252,MEDIUM,5.942
00:03,94,10,0.717,MEDIUM,4.016
00:03,94,10,0.714,HIGH,7.658
00:03,94,10,0.642,MEDIUM,3.509
00:03,94,10,0.518,LOW,1.270
00:03,94,10,0.514,MEDIUM,2.696
00:03,94,10,0.403,LOW,1.534
00:03,94,10,0.368,HIGH,12.697
00:03,94,10,0.281,MEDIUM,2.549
00:03,94,10,0.265,MEDIUM,2.311
00:03,94,10,0.261,MEDIUM,5.486
00:03,95,11,0.711,MEDIUM,6.844
00:03,95,11,0.670,MEDIUM,3.892
00:03,95,11,0.583,MEDIUM,2.748
00:03,95,11,0.503,MEDIUM,3.557
00:03,95,11,0.496,MEDIUM,2.823
00:03,95,11,0.495,LOW,1.362
00:03,95,11,0.381,LOW,1.228
00:03,95,11,0.368,HIGH,11.693
00:03,95,11,0.314,HIGH,10.745
00:03,95,11,0.300,HIGH,7.669
00:03,95,11,0.287,MEDIUM,2.314
00:03,96,9,0.717,MEDIUM,6.690
00:03,96,9,0.591,MEDIUM,3.681
00:03,96,9,0.555,MEDIUM,2.730
00:03,96,9,0.518,LOW,1.376
00:03,96,9,0.489,MEDIUM,2.943
00:03,96,9,0.466,MEDIUM,3.380
00:03,96,9,0.335,HIGH,11.887
00:03,96,9,0.301,MEDIUM,2.374
00:03,96,9,0.297,LOW,1.283
00:03,97,10,0.695,MEDIUM,6.475
00:03,97,10,0.678,MEDIUM,3.175
00:03,97,10,0.597,MEDIUM,4.007
00:03,97,10,0.519,LOW,1.512
00:03,97,10,0.507,MEDIUM,2.260
00:03,97,10,0.413,MEDIUM,2.337
00:03,97,10,0.303,LOW,0.722
00:03,97,10,0.296,MEDIUM,2.300
00:03,97,10,0.270,LOW,1.554
00:03,97,10,0.264,HIGH,12.727
00:03,98,10,0.677,MEDIUM,3.649
00:03,98,10,0.630,MEDIUM,6.022
00:03,98,10,0.593,MEDIUM,3.174
00:03,98,10,0.551,LOW,1.615
00:03,98,10,0.456,MEDIUM,2.049
00:03,98,10,0.391,LOW,1.586
00:03,98,10,0.334,HIGH,8.441
00:03,98,10,0.318,MEDIUM,2.542
00:03,98,10,0.308,MEDIUM,3.377
00:03,98,10,0.257,HIGH,9.154
00:03,99,11,0.682,MEDIUM,3.680
00:03,99,11,0.614,MEDIUM,6.194
00:03,99,11,0.590,MEDIUM,3.249
00:03,99,11,0.550,MEDIUM,2.052
00:03,99,11,0.531,LOW,1.660
00:03,99,11,0.396,LOW,1.938
00:03,99,11,0.376,LOW,0.763
00:03,99,11,0.344,MEDIUM,2.382
00:03,99,11,0.332,HIGH,10.179
00:03,99,11,0.308,HIGH,8.393
00:03,99,11,0.299,MEDIUM,2.900
00:04,100,11,0.720,MEDIUM,3.919
00:04,100,11,0.705,MEDIUM,3.303
00:04,100,11,0.588,LOW,1.691
00:04,100,11,0.586,MEDIUM,5.671
00:04,100,11,0.471,LOW,1.982
00:04,100,11,0.382,MEDIUM,2.002
00:04,100,11,0.359,HIGH,10.174
00:04,100,11,0.340,HIGH,11.135
00:04,100,11,0.295,LOW,0.830
00:04,100,11,0.293,LOW,1.087
00:04,100,11,0.286,MEDIUM,2.724
00:04,101,8,0.700,MEDIUM,3.919
00:04,101,8,0.690,MEDIUM,3.356
00:04,101,8,0.635,LOW,1.690
00:04,101,8,0.594,MEDIUM,5.975
00:04,101,8,0.448,LOW,1.829
00:04,101,8,0.314,HIGH,10.289
00:04,101,8,0.302,MEDIUM,2.155
00:04,101,8,0.256,MEDIUM,2.612
00:04,102,8,0.733,MEDIUM,3.575
00:04,102,8,0.667,MEDIUM,4.282
00:04,102,8,0.604,LOW,1.675
00:04,102,8,0.577,MEDIUM,3.972
00:04,102,8,0.426,MEDIUM,2.213
00:04,102,8,0.374,MEDIUM,2.421
00:04,102,8,0.347,LOW,0.823
00:04,102,8,0.256,LOW,1.146
00:04,103,8,0.698,MEDIUM,3.565
00:04,103,8,0.627,MEDIUM,4.787
00:04,103,8,0.602,MEDIUM,4.056
00:04,103,8,0.595,LOW,1.655
00:04,103,8,0.504,LOW,1.959
00:04,103,8,0.336,HIGH,11.068
00:04,103,8,0.276,MEDIUM,2.728
00:04,103,8,0.271,LOW,0.664
00:04,104,9,0.740,MEDIUM,4.029
00:04,104,9,0.597,MEDIUM,4.855
00:04,104,9,0.594,MEDIUM,5.089
00:04,104,9,0.582,LOW,1.720
00:04,104,9,0.407,LOW,0.715
00:04,104,9,0.393,MEDIUM,2.453
00:04,104,9,0.293,LOW,1.724
00:04,104,9,0.256,HIGH,11.016
00:04,104,9,0.250,LOW,0.911
00:04,105,6,0.760,MEDIUM,4.037
00:04,105,6,0.667,MEDIUM,3.674
00:04,105,6,0.621,MEDIUM,4.507
00:04,105,6,0.525,LOW,1.543
00:04,105,6,0.488,MEDIUM,2.648
00:04,105,6,0.314,LOW,0.871
00:04,106,9,0.723,MEDIUM,3.912
00:04,106,9,0.710,MEDIUM,3.337
00:04,106,9,0.648,MEDIUM,4.009
00:04,106,9,0.512,LOW,1.828
00:04,106,9,0.458,MEDIUM,2.708
00:04,106,9,0.395,MEDIUM,4.181
00:04,106,9,0.345,LOW,0.902
00:04,106,9,0.313,LOW,1.931
00:04,106,9,0.273,LOW,0.706
00:04,107,9,0.710,MEDIUM,4.012
00:04,107,9,0.707,MEDIUM,3.151
00:04,107,9,0.610,MEDIUM,3.760
00:04,107,9,0.501,LOW,1.923
00:04,107,9,0.435,MEDIUM,2.863
00:04,107,9,0.395,LOW,1.846
00:04,107,9,0.372,LOW,0.814
00:04,107,9,0.334,MEDIUM,5.978
00:04,107,9,0.258,LOW,0.969
00:04,108,7,0.764,MEDIUM,4.895
00:04,108,7,0.502,MEDIUM,2.885
00:04,108,7,0.481,MEDIUM,2.048
00:04,108,7,0.447,MEDIUM,3.525
00:04,108,7,0.415,LOW,0.933
00:04,108,7,0.331,MEDIUM,2.332
00:04,108,7,0.318,MEDIUM,5.714
00:04,109,6,0.763,MEDIUM,4.681
00:04,109,6,0.495,MEDIUM,2.968
00:04,109,6,0.482,LOW,1.924
00:04,109,6,0.461,MEDIUM,3.243
00:04,109,6,0.429,LOW,1.113
00:04,109,6,0.355,LOW,1.533
00:04,110,7,0.753,MEDIUM,4.593
00:04,110,7,0.497,LOW,1.825
00:04,110,7,0.489,MEDIUM,3.273
00:04,110,7,0.405,LOW,1.036
00:04,110,7,0.333,HIGH,12.157
00:04,110,7,0.331,MEDIUM,2.395
00:04,110,7,0.279,LOW,1.461
00:04,111,7,0.715,MEDIUM,4.764
00:04,111,7,0.513,LOW,1.812
00:04,111,7,0.422,LOW,1.050
00:04,111,7,0.420,MEDIUM,3.109
00:04,111,7,0.361,MEDIUM,3.008
00:04,111,7,0.317,MEDIUM,2.573
00:04,111,7,0.256,LOW,1.521
00:04,112,7,0.729,MEDIUM,5.452
00:04,112,7,0.509,LOW,1.823
00:04,112,7,0.432,MEDIUM,2.969
00:04,112,7,0.349,MEDIUM,2.301
00:04,112,7,0.329,HIGH,11.149
00:04,112,7,0.327,LOW,1.242
00:04,112,7,0.283,LOW,1.076
00:04,113,9,0.746,MEDIUM,5.600
00:04,113,9,0.563,LOW,1.888
00:04,113,9,0.489,MEDIUM,2.280
00:04,113,9,0.437,MEDIUM,3.049
00:04,113,9,0.360,LOW,0.960
00:04,113,9,0.338,LOW,1.474
00:04,113,9,0.331,HIGH,8.473
00:04,113,9,0.323,LOW,1.439
00:04,113,9,0.251,MEDIUM,5.528
00:04,114,9,0.744,MEDIUM,5.385
00:04,114,9,0.536,MEDIUM,2.003
00:04,114,9,0.466,HIGH,7.945
00:04,114,9,0.406,HIGH,7.783
00:04,114,9,0.348,MEDIUM,2.784
00:04,114,9,0.300,LOW,1.303
00:04,114,9,0.282,LOW,0.974
00:04,114,9,0.273,MEDIUM,2.925
00:04,114,9,0.254,LOW,1.375
00:04,115,8,0.724,MEDIUM,5.567
00:04,115,8,0.643,MEDIUM,2.145
00:04,115,8,0.514,MEDIUM,2.020
00:04,115,8,0.447,LOW,1.073
00:04,115,8,0.347,MEDIUM,2.996
00:04,115,8,0.317,LOW,1.418
00:04,115,8,0.313,LOW,1.231
00:04,115,8,0.310,MEDIUM,4.332
00:04,116,8,0.737,MEDIUM,5.526
00:04,116,8,0.644,MEDIUM,2.423
00:04,116,8,0.541,LOW,1.967
00:04,116,8,0.534,MEDIUM,3.049
00:04,116,8,0.494,LOW,1.138
00:04,116,8,0.321,LOW,1.298
00:04,116,8,0.296,LOW,0.962
00:04,116,8,0.275,MEDIUM,4.098
00:04,117,6,0.707,MEDIUM,6.221
00:04,117,6,0.601,MEDIUM,2.567
00:04,117,6,0.568,MEDIUM,2.022
00:04,117,6,0.522,MEDIUM,3.080
00:04,117,6,0.398,LOW,1.159
00:04,117,6,0.289,LOW,1.551
00:04,118,6,0.666,MEDIUM,6.243
00:04,118,6,0.543,MEDIUM,2.349
00:04,118,6,0.500,LOW,1.134
00:04,118,6,0.457,MEDIUM,2.498
00:04,118,6,0.381,MEDIUM,3.631
00:04,118,6,0.262,MEDIUM,4.279
00:04,119,5,0.632,MEDIUM,2.570
00:04,119,5,0.612,HIGH,8.075
00:04,119,5,0.581,MEDIUM,2.110
00:04,119,5,0.464,LOW,1.194
00:04,119,5,0.329,MEDIUM,4.417
00:04,120,7,0.659,HIGH,7.565
00:04,120,7,0.625,MEDIUM,2.195
00:04,120,7,0.582,MEDIUM,2.655
00:04,120,7,0.512,LOW,1.170
00:04,120,7,0.491,HIGH,10.942
00:04,120,7,0.316,MEDIUM,3.480
00:04,120,7,0.273,LOW,0.834
00:04,121,10,0.612,MEDIUM,2.130
00:04,121,10,0.609,MEDIUM,6.681
00:04,121,10,0.560,MEDIUM,2.874
00:04,121,10,0.463,LOW,1.003
00:04,121,10,0.443,LOW,1.262
00:04,121,10,0.436,MEDIUM,3.697
00:04,121,10,0.419,HIGH,10.114
00:04,121,10,0.364,HIGH,8.729
00:04,121,10,0.262,MEDIUM,2.293
00:04,121,10,0.261,LOW,1.582
00:04,122,6,0.657,MEDIUM,2.111
00:04,122,6,0.638,MEDIUM,2.906
00:04,122,6,0.631,HIGH,7.626
00:04,122,6,0.530,LOW,1.193
00:04,122,6,0.512,LOW,1.266
00:04,122,6,0.255,MEDIUM,2.041
00:04,123,8,0.680,MEDIUM,2.133
00:04,123,8,0.603,MEDIUM,3.003
00:04,123,8,0.582,HIGH,8.998
00:04,123,8,0.578,LOW,1.394
00:04,123,8,0.514,LOW,1.467
00:04,123,8,0.335,LOW,1.443
00:04,123,8,0.294,MEDIUM,2.149
00:04,123,8,0.272,MEDIUM,4.722
00:04,124,7,0.669,MEDIUM,3.331
00:04,124,7,0.660,MEDIUM,2.206
00:04,124,7,0.598,HIGH,7.521
00:04,124,7,0.566,LOW,1.380
00:04,124,7,0.555,LOW,1.618
00:04,124,7,0.507,LOW,1.625
00:04,124,7,0.286,LOW,1.677
00:05,125,11,0.682,MEDIUM,2.357
00:05,125,11,0.652,MEDIUM,3.523
00:05,125,11,0.624,LOW,1.627
00:05,125,11,0.485,LOW,1.325
00:05,125,11,0.473,LOW,1.934
00:05,125,11,0.451,MEDIUM,2.418
00:05,125,11,0.340,LOW,1.320
00:05,125,11,0.335,LOW,1.706
00:05,125,11,0.307,MEDIUM,6.991
00:05,125,11,0.301,MEDIUM,2.106
00:05,125,11,0.251,MEDIUM,4.734
00:05,126,12,0.677,MEDIUM,2.414
00:05,126,12,0.642,LOW,1.562
00:05,126,12,0.625,MEDIUM,3.530
00:05,126,12,0.587,MEDIUM,5.082
00:05,126,12,0.413,MEDIUM,2.589
00:05,126,12,0.395,LOW,1.462
00:05,126,12,0.369,LOW,1.343
00:05,126,12,0.359,LOW,1.879
00:05,126,12,0.348,MEDIUM,2.347
00:05,126,12,0.314,MEDIUM,6.147
00:05,126,12,0.293,MEDIUM,3.191
00:05,126,12,0.261,MEDIUM,5.198
00:05,127,11,0.721,MEDIUM,4.587
00:05,127,11,0.644,LOW,1.815
00:05,127,11,0.585,MEDIUM,2.501
00:05,127,11,0.489,LOW,1.893
00:05,127,11,0.365,LOW,1.106
00:05,127,11,0.358,MEDIUM,2.835
00:05,127,11,0.332,LOW,1.720
00:05,127,11,0.319,MEDIUM,5.484
00:05,127,11,0.314,LOW,1.919
00:05,127,11,0.289,LOW,1.357
00:05,127,11,0.277,MEDIUM,2.373
00:05,128,8,0.648,MEDIUM,4.739
00:05,128,8,0.603,MEDIUM,2.029
00:05,128,8,0.563,MEDIUM,2.360
00:05,128,8,0.379,MEDIUM,2.340
00:05,128,8,0.370,LOW,1.107
00:05,128,8,0.335,MEDIUM,2.164
00:05,128,8,0.314,LOW,1.620
00:05,128,8,0.257,MEDIUM,6.486
00:05,129,9,0.710,MEDIUM,2.082
00:05,129,9,0.690,MEDIUM,4.437
00:05,129,9,0.589,MEDIUM,2.439
00:05,129,9,0.467,MEDIUM,2.158
00:05,129,9,0.462,MEDIUM,2.584
00:05,129,9,0.461,MEDIUM,3.183
00:05,129,9,0.381,LOW,1.934
00:05,129,9,0.377,LOW,1.162
00:05,129,9,0.355,LOW,1.968
00:05,130,9,0.716,MEDIUM,4.296
00:05,130,9,0.586,MEDIUM,2.463
00:05,130,9,0.584,MEDIUM,3.732
00:05,130,9,0.516,MEDIUM,2.061
00:05,130,9,0.438,LOW,1.163
00:05,130,9,0.417,LOW,1.882
00:05,130,9,0.403,MEDIUM,5.879
00:05,130,9,0.322,LOW,1.971
00:05,130,9,0.319,LOW,1.901
00:05,131,9,0.711,MEDIUM,3.601
00:05,131,9,0.640,LOW,1.983
00:05,131,9,0.575,MEDIUM,2.529
00:05,131,9,0.560,MEDIUM,5.516
00:05,131,9,0.512,MEDIUM,2.924
00:05,131,9,0.456,LOW,1.172
00:05,131,9,0.394,LOW,1.809
00:05,131,9,0.326,LOW,1.921
00:05,131,9,0.284,MEDIUM,3.775
00:05,132,9,0.585,LOW,1.187
00:05,132,9,0.578,MEDIUM,2.513
00:05,132,9,0.539,MEDIUM,2.188
00:05,132,9,0.518,LOW,1.795
00:05,132,9,0.504,MEDIUM,3.262
00:05,132,9,0.493,MEDIUM,4.377
00:05,132,9,0.475,MEDIUM,2.567
00:05,132,9,0.402,LOW,1.805
00:05,132,9,0.285,MEDIUM,3.618
00:05,133,10,0.585,MEDIUM,2.935
00:05,133,10,0.545,LOW,1.543
00:05,133,10,0.528,MEDIUM,2.620
00:05,133,10,0.488,MEDIUM,3.335
00:05,133,10,0.428,MEDIUM,4.923
00:05,133,10,0.422,MEDIUM,3.730
00:05,133,10,0.421,MEDIUM,2.253
00:05,133,10,0.405,MEDIUM,3.244
00:05,133,10,0.370,MEDIUM,2.380
00:05,133,10,0.362,LOW,1.620
00:05,134,6,0.624,MEDIUM,2.626
00:05,134,6,0.564,LOW,1.826
00:05,134,6,0.558,MEDIUM,2.485
00:05,134,6,0.555,MEDIUM,2.715
00:05,134,6,0.528,MEDIUM,3.870
00:05,134,6,0.309,LOW,1.506
00:05,135,8,0.579,MEDIUM,3.005
00:05,135,8,0.576,MEDIUM,4.075
00:05,135,8,0.509,LOW,1.489
00:05,135,8,0.509,MEDIUM,2.767
00:05,135,8,0.398,MEDIUM,2.699
00:05,135,8,0.386,LOW,1.772
00:05,135,8,0.285,MEDIUM,2.186
00:05,135,8,0.272,MEDIUM,4.447
00:05,136,9,0.624,MEDIUM,4.270
00:05,136,9,0.614,MEDIUM,3.033
00:05,136,9,0.557,LOW,1.274
00:05,136,9,0.490,LOW,1.709
00:05,136,9,0.456,MEDIUM,3.064
00:05,136,9,0.400,MEDIUM,2.689
00:05,136,9,0.371,LOW,1.109
00:05,136,9,0.344,MEDIUM,6.404
00:05,136,9,0.258,MEDIUM,5.686
00:05,137,8,0.658,MEDIUM,4.095
00:05,137,8,0.620,MEDIUM,3.107
00:05,137,8,0.571,LOW,1.516
00:05,137,8,0.571,MEDIUM,3.121
00:05,137,8,0.393,LOW,0.981
00:05,137,8,0.363,MEDIUM,2.718
00:05,137,8,0.324,LOW,1.847
00:05,137,8,0.275,MEDIUM,6.879
00:05,138,7,0.744,MEDIUM,4.555
00:05,138,7,0.644,MEDIUM,3.202
00:05,138,7,0.547,LOW,1.698
00:05,138,7,0.507,LOW,1.766
00:05,138,7,0.453,MEDIUM,2.837
00:05,138,7,0.383,MEDIUM,5.731
00:05,138,7,0.304,MEDIUM,4.244
00:05,139,7,0.767,MEDIUM,5.044
00:05,139,7,0.685,MEDIUM,3.159
00:05,139,7,0.638,MEDIUM,3.257
00:05,139,7,0.526,MEDIUM,2.917
00:05,139,7,0.503,LOW,1.689
00:05,139,7,0.470,LOW,1.732
00:05,139,7,0.253,MEDIUM,4.437
00:05,140,6,0.745,MEDIUM,5.050
00:05,140,6,0.741,MEDIUM,2.830
00:05,140,6,0.639,MEDIUM,3.379
00:05,140,6,0.456,LOW,1.749
00:05,140,6,0.444,MEDIUM,4.434
00:05,140,6,0.413,LOW,1.802
00:05,141,7,0.764,MEDIUM,4.960
00:05,141,7,0.628,MEDIUM,3.357
00:05,141,7,0.618,MEDIUM,2.777
00:05,141,7,0.485,MEDIUM,4.933
00:05,141,7,0.439,LOW,1.336
00:05,141,7,0.328,LOW,1.707
00:05,141,7,0.278,HIGH,7.506
00:05,142,6,0.773,MEDIUM,5.417
00:05,142,6,0.601,MEDIUM,3.403
00:05,142,6,0.563,MEDIUM,4.343
00:05,142,6,0.428,LOW,1.881
00:05,142,6,0.388,LOW,1.727
00:05,142,6,0.296,MEDIUM,3.006
00:05,143,5,0.737,MEDIUM,5.519
00:05,143,5,0.580,MEDIUM,3.232
00:05,143,5,0.539,MEDIUM,3.999
00:05,143,5,0.487,LOW,1.931
00:05,143,5,0.403,LOW,1.728
00:05,144,5,0.820,MEDIUM,6.143
00:05,144,5,0.599,MEDIUM,3.233
00:05,144,5,0.444,MEDIUM,4.308
00:05,144,5,0.413,LOW,1.882
00:05,144,5,0.377,LOW,1.610
00:05,145,6,0.807,HIGH,7.469
00:05,145,6,0.668,MEDIUM,3.394
00:05,145,6,0.420,MEDIUM,3.664
00:05,145,6,0.403,MEDIUM,2.029
00:05,145,6,0.342,LOW,1.507
00:05,145,6,0.266,MEDIUM,5.345
00:05,146,6,0.809,HIGH,7.701
00:05,146,6,0.671,MEDIUM,3.484
00:05,146,6,0.563,MEDIUM,4.134
00:05,146,6,0.558,MEDIUM,2.321
00:05,146,6,0.438,LOW,1.347
00:05,146,6,0.258,HIGH,7.635
00:05,147,5,0.749,HIGH,7.359
00:05,147,5,0.682,MEDIUM,3.524
00:05,147,5,0.482,MEDIUM,4.126
00:05,147,5,0.477,MEDIUM,2.485
00:05,147,5,0.305,LOW,1.439
00:05,148,5,0.689,MEDIUM,3.646
00:05,148,5,0.662,HIGH,8.098
00:05,148,5,0.417,MEDIUM,5.132
00:05,148,5,0.409,MEDIUM,2.549
00:05,148,5,0.254,MEDIUM,3.784
00:05,149,4,0.701,MEDIUM,3.673
00:05,149,4,0.528,HIGH,8.031
00:05,149,4,0.460,MEDIUM,4.712
00:05,149,4,0.266,MEDIUM,6.795
00:06,150,4,0.714,MEDIUM,3.974
00:06,150,4,0.491,HIGH,7.626
00:06,150,4,0.344,MEDIUM,2.652
00:06,150,4,0.330,MEDIUM,5.366
00:06,151,4,0.718,MEDIUM,3.982
00:06,151,4,0.562,MEDIUM,6.904
00:06,151,4,0.289,MEDIUM,6.412
00:06,151,4,0.258,LOW,1.544
00:06,152,3,0.717,MEDIUM,4.037
00:06,152,3,0.324,HIGH,16.333
00:06,152,3,0.319,MEDIUM,6.229
00:06,153,4,0.710,MEDIUM,4.213
00:06,153,4,0.361,LOW,1.249
00:06,153,4,0.341,HIGH,16.173
00:06,153,4,0.295,MEDIUM,5.486
00:06,154,3,0.713,MEDIUM,4.463
00:06,154,3,0.392,HIGH,16.617
00:06,154,3,0.302,MEDIUM,4.081
00:06,155,3,0.732,MEDIUM,4.794
00:06,155,3,0.490,HIGH,16.824
00:06,155,3,0.459,LOW,1.186
00:06,156,3,0.732,MEDIUM,5.196
00:06,156,3,0.521,HIGH,16.735
00:06,156,3,0.514,LOW,1.283
00:06,157,3,0.759,MEDIUM,5.261
00:06,157,3,0.378,LOW,1.216
00:06,157,3,0.360,HIGH,16.982
00:06,158,4,0.781,MEDIUM,5.373
00:06,158,4,0.492,LOW,1.313
00:06,158,4,0.331,MEDIUM,3.015
00:06,158,4,0.305,HIGH,17.943
00:06,159,4,0.777,MEDIUM,5.535
00:06,159,4,0.605,MEDIUM,2.691
00:06,159,4,0.506,LOW,1.376
00:06,159,4,0.327,LOW,1.576
00:06,160,4,0.782,MEDIUM,5.670
00:06,160,4,0.539,LOW,1.413
00:06,160,4,0.335,MEDIUM,2.677
00:06,160,4,0.262,LOW,1.851
00:06,161,5,0.793,MEDIUM,5.570
00:06,161,5,0.552,LOW,1.353
00:06,161,5,0.428,MEDIUM,2.669
00:06,161,5,0.304,MEDIUM,4.153
00:06,161,5,0.258,MEDIUM,3.875
00:06,162,5,0.752,MEDIUM,5.421
00:06,162,5,0.494,MEDIUM,3.001
00:06,162,5,0.494,LOW,1.421
00:06,162,5,0.381,LOW,1.909
00:06,162,5,0.366,MEDIUM,4.208
00:06,163,7,0.768,MEDIUM,5.387
00:06,163,7,0.524,MEDIUM,2.926
00:06,163,7,0.483,LOW,1.335
00:06,163,7,0.456,MEDIUM,4.748
00:06,163,7,0.350,LOW,1.860
00:06,163,7,0.321,MEDIUM,4.046
00:06,163,7,0.270,MEDIUM,4.038
00:06,164,4,0.773,MEDIUM,5.553
00:06,164,4,0.591,MEDIUM,3.029
00:06,164,4,0.590,MEDIUM,4.733
00:06,164,4,0.520,LOW,1.504
00:06,165,8,0.762,MEDIUM,5.951
00:06,165,8,0.670,MEDIUM,3.239
00:06,165,8,0.564,MEDIUM,5.445
00:06,165,8,0.504,LOW,1.442
00:06,165,8,0.300,MEDIUM,2.091
00:06,165,8,0.264,MEDIUM,4.523
00:06,165,8,0.262,LOW,0.662
00:06,165,8,0.254,MEDIUM,3.922
00:06,166,8,0.776,MEDIUM,5.915
00:06,166,8,0.664,MEDIUM,3.083
00:06,166,8,0.568,MEDIUM,5.928
00:06,166,8,0.503,LOW,1.268
00:06,166,8,0.283,LOW,1.838
00:06,166,8,0.280,LOW,0.693
00:06,166,8,0.260,MEDIUM,4.591
00:06,166,8,0.252,MEDIUM,2.015
00:06,167,4,0.779,MEDIUM,6.013
00:06,167,4,0.684,MEDIUM,6.219
00:06,167,4,0.653,MEDIUM,3.190
00:06,167,4,0.442,LOW,1.447
00:06,168,6,0.746,MEDIUM,5.911
00:06,168,6,0.675,MEDIUM,3.981
00:06,168,6,0.504,LOW,1.584
00:06,168,6,0.493,HIGH,10.094
00:06,168,6,0.294,LOW,1.023
00:06,168,6,0.283,MEDIUM,2.523
00:06,169,7,0.715,MEDIUM,5.883
00:06,169,7,0.706,MEDIUM,4.075
00:06,169,7,0.563,LOW,1.582
00:06,169,7,0.562,HIGH,9.702
00:06,169,7,0.314,MEDIUM,2.665
00:06,169,7,0.300,LOW,0.997
00:06,169,7,0.267,LOW,0.965
00:06,170,9,0.686,MEDIUM,5.907
00:06,170,9,0.545,LOW,1.631
00:06,170,9,0.538,MEDIUM,2.789
00:06,170,9,0.455,MEDIUM,2.454
00:06,170,9,0.347,LOW,0.917
00:06,170,9,0.289,LOW,1.100
00:06,170,9,0.267,LOW,0.609
00:06,170,9,0.257,LOW,0.867
00:06,170,9,0.251,HIGH,9.141
00:06,171,8,0.673,MEDIUM,6.131
00:06,171,8,0.587,LOW,1.917
00:06,171,8,0.552,MEDIUM,3.843
00:06,171,8,0.544,HIGH,9.710
00:06,171,8,0.370,LOW,0.801
00:06,171,8,0.318,MEDIUM,2.489
00:06,171,8,0.311,LOW,0.871
00:06,171,8,0.261,LOW,0.815
00:06,172,5,0.657,MEDIUM,6.097
00:06,172,5,0.570,MEDIUM,3.932
00:06,172,5,0.520,LOW,1.729
00:06,172,5,0.287,HIGH,9.003
00:06,172,5,0.279,MEDIUM,2.939
00:06,173,7,0.695,MEDIUM,3.369
00:06,173,7,0.636,MEDIUM,6.900
00:06,173,7,0.567,LOW,1.743
00:06,173,7,0.360,HIGH,8.480
00:06,173,7,0.322,HIGH,16.396
00:06,173,7,0.310,MEDIUM,4.965
00:06,173,7,0.302,MEDIUM,3.117
00:06,174,6,0.623,MEDIUM,6.701
00:06,174,6,0.607,LOW,1.714
00:06,174,6,0.541,MEDIUM,4.177
00:06,174,6,0.406,MEDIUM,3.898
00:06,174,6,0.362,HIGH,16.405
00:06,174,6,0.257,HIGH,8.379
00:07,175,7,0.639,MEDIUM,3.423
00:07,175,7,0.605,LOW,1.731
00:07,175,7,0.602,MEDIUM,6.810
00:07,175,7,0.530,MEDIUM,4.980
00:07,175,7,0.438,MEDIUM,3.820
00:07,175,7,0.289,LOW,1.026
00:07,175,7,0.269,MEDIUM,5.705
00:07,176,7,0.595,MEDIUM,5.985
00:07,176,7,0.539,LOW,1.743
00:07,176,7,0.464,MEDIUM,3.155
00:07,176,7,0.452,MEDIUM,3.728
00:07,176,7,0.416,MEDIUM,5.756
00:07,176,7,0.360,LOW,1.218
00:07,176,7,0.300,HIGH,8.763
00:07,177,9,0.592,MEDIUM,5.825
00:07,177,9,0.555,MEDIUM,4.979
00:07,177,9,0.541,LOW,1.716
00:07,177,9,0.485,MEDIUM,3.484
00:07,177,9,0.388,MEDIUM,3.955
00:07,177,9,0.317,HIGH,7.698
00:07,177,9,0.306,LOW,1.312
00:07,177,9,0.293,HIGH,7.311
00:07,177,9,0.251,LOW,1.215
00:07,178,4,0.591,MEDIUM,5.113
00:07,178,4,0.581,LOW,1.711
00:07,178,4,0.430,LOW,1.199
00:07,178,4,0.353,LOW,0.965
00:07,179,5,0.611,MEDIUM,4.993
00:07,179,5,0.572,LOW,1.801
00:07,179,5,0.347,LOW,1.257
00:07,179,5,0.293,LOW,1.066
00:07,179,5,0.263,HIGH,7.076
00:07,180,6,0.634,MEDIUM,5.123
00:07,180,6,0.582,LOW,1.847
00:07,180,6,0.318,LOW,1.202
00:07,180,6,0.283,LOW,1.167
00:07,180,6,0.267,LOW,0.439
00:07,180,6,0.263,MEDIUM,4.137
00:07,181,6,0.608,MEDIUM,4.994
00:07,181,6,0.525,LOW,1.805
00:07,181,6,0.391,LOW,0.934
00:07,181,6,0.370,LOW,0.467
00:07,181,6,0.320,MEDIUM,4.145
00:07,181,6,0.263,LOW,1.269
00:07,182,5,0.613,LOW,1.768
00:07,182,5,0.602,MEDIUM,4.332
00:07,182,5,0.494,LOW,1.049
00:07,182,5,0.271,MEDIUM,3.978
00:07,182,5,0.264,LOW,0.449
00:07,183,5,0.619,MEDIUM,2.100
00:07,183,5,0.578,MEDIUM,4.065
00:07,183,5,0.449,MEDIUM,4.017
00:07,183,5,0.444,LOW,1.306
00:07,183,5,0.286,LOW,0.438
00:07,184,5,0.594,MEDIUM,2.228
00:07,184,5,0.566,MEDIUM,4.066
00:07,184,5,0.371,LOW,1.483
00:07,184,5,0.364,MEDIUM,3.860
00:07,184,5,0.264,LOW,0.856
00:07,185,5,0.539,MEDIUM,3.672
00:07,185,5,0.496,MEDIUM,2.269
00:07,185,5,0.417,LOW,0.517
00:07,185,5,0.414,LOW,0.919
00:07,185,5,0.406,LOW,1.497
00:07,186,6,0.478,MEDIUM,3.347
00:07,186,6,0.439,MEDIUM,2.380
00:07,186,6,0.398,LOW,0.499
00:07,186,6,0.364,LOW,1.562
00:07,186,6,0.355,LOW,0.937
00:07,186,6,0.338,MEDIUM,4.774
00:07,187,6,0.471,MEDIUM,2.892
00:07,187,6,0.462,LOW,0.481
00:07,187,6,0.447,HIGH,7.089
00:07,187,6,0.429,LOW,1.042
00:07,187,6,0.384,LOW,1.620
00:07,187,6,0.376,MEDIUM,2.721
00:07,188,6,0.497,MEDIUM,2.554
00:07,188,6,0.452,MEDIUM,2.897
00:07,188,6,0.416,LOW,0.499
00:07,188,6,0.384,HIGH,7.361
00:07,188,6,0.354,LOW,1.768
00:07,188,6,0.308,LOW,1.286
00:07,189,6,0.668,HIGH,7.268
00:07,189,6,0.544,MEDIUM,2.273
00:07,189,6,0.466,LOW,0.502
00:07,189,6,0.449,LOW,1.470
00:07,189,6,0.292,LOW,1.175
00:07,189,6,0.260,LOW,0.524
00:07,190,6,0.714,HIGH,7.483
00:07,190,6,0.502,LOW,1.302
00:07,190,6,0.480,MEDIUM,2.316
00:07,190,6,0.413,LOW,0.544
00:07,190,6,0.338,LOW,1.323
00:07,190,6,0.289,LOW,0.470
00:07,191,6,0.755,HIGH,7.872
00:07,191,6,0.496,MEDIUM,2.224
00:07,191,6,0.465,LOW,1.616
00:07,191,6,0.312,LOW,0.602
00:07,191,6,0.309,LOW,0.531
00:07,191,6,0.275,LOW,1.544
00:07,192,6,0.576,HIGH,9.219
00:07,192,6,0.502,LOW,1.742
00:07,192,6,0.458,LOW,1.578
00:07,192,6,0.457,HIGH,13.218
00:07,192,6,0.396,LOW,0.618
00:07,192,6,0.337,LOW,1.508
00:07,193,6,0.499,LOW,1.561
00:07,193,6,0.465,LOW,1.812
00:07,193,6,0.430,HIGH,8.773
00:07,193,6,0.355,LOW,0.547
00:07,193,6,0.339,LOW,1.483
00:07,193,6,0.257,LOW,1.026
00:07,194,6,0.572,HIGH,10.748
00:07,194,6,0.465,LOW,0.580
00:07,194,6,0.385,LOW,1.503
00:07,194,6,0.369,LOW,1.964
00:07,194,6,0.338,LOW,1.366
00:07,194,6,0.310,LOW,0.484
00:07,195,6,0.521,LOW,1.382
00:07,195,6,0.478,LOW,0.555
00:07,195,6,0.428,LOW,1.059
00:07,195,6,0.425,HIGH,10.194
00:07,195,6,0.375,LOW,1.282
00:07,195,6,0.340,LOW,0.492
00:07,196,9,0.529,LOW,0.664
00:07,196,9,0.489,MEDIUM,2.477
00:07,196,9,0.470,LOW,1.678
00:07,196,9,0.438,LOW,0.790
00:07,196,9,0.420,LOW,1.230
00:07,196,9,0.400,MEDIUM,4.384
00:07,196,9,0.384,LOW,0.484
00:07,196,9,0.265,LOW,0.852
00:07,196,9,0.262,MEDIUM,2.371
00:07,197,11,0.573,LOW,0.620
00:07,197,11,0.484,LOW,1.507
00:07,197,11,0.479,MEDIUM,2.362
00:07,197,11,0.453,MEDIUM,2.559
00:07,197,11,0.436,LOW,0.970
00:07,197,11,0.425,MEDIUM,3.651
00:07,197,11,0.411,LOW,0.510
00:07,197,11,0.389,LOW,0.741
00:07,197,11,0.280,LOW,0.481
00:07,197,11,0.277,LOW,1.570
00:07,197,11,0.271,MEDIUM,3.750
00:07,198,8,0.667,MEDIUM,2.570
00:07,198,8,0.631,MEDIUM,3.909
00:07,198,8,0.590,LOW,0.692
00:07,198,8,0.537,MEDIUM,2.061
00:07,198,8,0.507,MEDIUM,2.446
00:07,198,8,0.469,LOW,1.028
00:07,198,8,0.271,MEDIUM,3.823
00:07,198,8,0.261,LOW,0.536
00:07,199,7,0.688,MEDIUM,3.817
00:07,199,7,0.650,MEDIUM,3.370
00:07,199,7,0.643,LOW,0.733
00:07,199,7,0.539,MEDIUM,2.365
00:07,199,7,0.506,LOW,1.977
00:07,199,7,0.455,LOW,1.210
00:07,199,7,0.286,LOW,0.566
00:08,200,8,0.679,MEDIUM,3.403
00:08,200,8,0.667,MEDIUM,3.736
00:08,200,8,0.598,LOW,0.762
00:08,200,8,0.548,MEDIUM,2.662
00:08,200,8,0.505,LOW,1.277
00:08,200,8,0.487,LOW,0.579
00:08,200,8,0.473,LOW,1.975
00:08,200,8,0.331,LOW,0.711
00:08,201,7,0.703,MEDIUM,4.083
00:08,201,7,0.668,MEDIUM,3.577
00:08,201,7,0.582,LOW,0.706
00:08,201,7,0.529,MEDIUM,2.685
00:08,201,7,0.498,LOW,0.601
00:08,201,7,0.470,LOW,0.996
00:08,201,7,0.427,LOW,1.905
00:08,202,8,0.718,MEDIUM,3.689
00:08,202,8,0.691,MEDIUM,3.897
00:08,202,8,0.627,MEDIUM,2.270
00:08,202,8,0.496,LOW,0.624
00:08,202,8,0.488,LOW,0.768
00:08,202,8,0.454,MEDIUM,2.261
00:08,202,8,0.395,LOW,1.124
00:08,202,8,0.258,LOW,1.857
00:08,203,7,0.680,MEDIUM,4.001
00:08,203,7,0.672,MEDIUM,4.015
00:08,203,7,0.515,LOW,0.632
00:08,203,7,0.454,LOW,0.685
00:08,203,7,0.427,LOW,1.162
00:08,203,7,0.411,MEDIUM,2.222
00:08,203,7,0.398,MEDIUM,2.792
00:08,204,7,0.687,MEDIUM,4.245
00:08,204,7,0.661,MEDIUM,3.785
00:08,204,7,0.494,LOW,0.758
00:08,204,7,0.444,LOW,0.649
00:08,204,7,0.439,LOW,1.935
00:08,204,7,0.400,LOW,1.211
00:08,204,7,0.272,MEDIUM,2.807
00:08,205,9,0.759,MEDIUM,4.022
00:08,205,9,0.713,MEDIUM,4.425
00:08,205,9,0.618,LOW,0.936
00:08,205,9,0.491,LOW,0.499
00:08,205,9,0.448,LOW,1.845
00:08,205,9,0.383,LOW,0.920
00:08,205,9,0.336,LOW,0.737
00:08,205,9,0.300,LOW,1.331
00:08,205,9,0.263,LOW,1.589
00:08,206,9,0.722,MEDIUM,4.017
00:08,206,9,0.721,MEDIUM,3.950
00:08,206,9,0.640,LOW,1.079
00:08,206,9,0.614,MEDIUM,2.082
00:08,206,9,0.476,LOW,0.519
00:08,206,9,0.429,LOW,0.912
00:08,206,9,0.356,LOW,1.314
00:08,206,9,0.311,LOW,0.801
00:08,206,9,0.290,LOW,1.311
00:08,207,8,0.750,MEDIUM,4.840
00:08,207,8,0.657,MEDIUM,4.584
00:08,207,8,0.625,MEDIUM,2.384
00:08,207,8,0.617,LOW,1.121
00:08,207,8,0.483,LOW,0.557
00:08,207,8,0.390,LOW,0.987
00:08,207,8,0.317,LOW,1.565
00:08,207,8,0.298,LOW,0.810
00:08,208,7,0.726,MEDIUM,5.051
00:08,208,7,0.625,MEDIUM,4.836
00:08,208,7,0.540,LOW,0.733
00:08,208,7,0.514,LOW,0.830
00:08,208,7,0.499,MEDIUM,2.275
00:08,208,7,0.318,LOW,1.334
00:08,208,7,0.253,LOW,1.999
00:08,209,7,0.755,MEDIUM,5.300
00:08,209,7,0.686,HIGH,7.039
00:08,209,7,0.571,LOW,0.736
00:08,209,7,0.540,LOW,0.924
00:08,209,7,0.488,MEDIUM,2.298
00:08,209,7,0.296,MEDIUM,2.150
00:08,209,7,0.280,LOW,1.438
00:08,210,7,0.786,MEDIUM,5.829
00:08,210,7,0.703,MEDIUM,6.112
00:08,210,7,0.607,LOW,0.796
00:08,210,7,0.539,LOW,0.935
00:08,210,7,0.479,MEDIUM,2.444
00:08,210,7,0.333,LOW,0.717
00:08,210,7,0.260,LOW,1.448
00:08,211,7,0.741,MEDIUM,6.344
00:08,211,7,0.688,MEDIUM,4.853
00:08,211,7,0.602,LOW,0.900
00:08,211,7,0.532,LOW,0.893
00:08,211,7,0.370,MEDIUM,2.715
00:08,211,7,0.340,LOW,1.446
00:08,211,7,0.301,LOW,0.806
00:08,212,7,0.769,HIGH,7.840
00:08,212,7,0.629,LOW,0.956
00:08,212,7,0.571,LOW,0.906
00:08,212,7,0.483,MEDIUM,5.505
00:08,212,7,0.412,LOW,0.920
00:08,212,7,0.371,LOW,1.488
00:08,212,7,0.252,MEDIUM,2.558
00:08,213,7,0.693,HIGH,7.838
00:08,213,7,0.642,LOW,1.029
00:08,213,7,0.557,LOW,0.891
00:08,213,7,0.462,LOW,1.032
00:08,213,7,0.388,MEDIUM,2.731
00:08,213,7,0.387,MEDIUM,5.089
00:08,213,7,0.277,MEDIUM,2.005
00:08,214,10,0.667,HIGH,8.801
00:08,214,10,0.606,LOW,0.941
00:08,214,10,0.519,LOW,0.852
00:08,214,10,0.518,MEDIUM,2.490
00:08,214,10,0.380,LOW,1.301
00:08,214,10,0.330,LOW,0.949
00:08,214,10,0.275,HIGH,12.014
00:08,214,10,0.272,MEDIUM,4.989
00:08,214,10,0.267,LOW,1.459
00:08,214,10,0.265,MEDIUM,2.186
00:08,215,6,0.641,HIGH,10.272
00:08,215,6,0.521,LOW,1.129
00:08,215,6,0.505,LOW,0.754
00:08,215,6,0.397,LOW,1.289
00:08,215,6,0.363,HIGH,7.085
00:08,215,6,0.292,HIGH,11.044
00:08,216,6,0.647,HIGH,13.279
00:08,216,6,0.578,LOW,1.341
00:08,216,6,0.529,LOW,0.846
00:08,216,6,0.459,LOW,1.019
00:08,216,6,0.342,LOW,0.782
00:08,216,6,0.278,HIGH,7.505
00:08,217,6,0.713,HIGH,14.083
00:08,217,6,0.573,LOW,0.980
00:08,217,6,0.465,LOW,1.132
00:08,217,6,0.462,LOW,0.973
00:08,217,6,0.297,HIGH,10.985
00:08,217,6,0.257,LOW,1.631
00:08,218,9,0.734,HIGH,14.338
00:08,218,9,0.608,LOW,1.091
00:08,218,9,0.556,LOW,1.394
00:08,218,9,0.549,LOW,1.022
00:08,218,9,0.416,LOW,0.950
00:08,218,9,0.357,MEDIUM,3.344
00:08,218,9,0.327,HIGH,10.635
00:08,218,9,0.270,LOW,1.041
00:08,218,9,0.253,MEDIUM,2.172
00:08,219,8,0.719,HIGH,13.409
00:08,219,8,0.620,LOW,1.131
00:08,219,8,0.613,LOW,1.215
00:08,219,8,0.450,LOW,1.631
00:08,219,8,0.401,HIGH,10.731
00:08,219,8,0.340,LOW,1.168
00:08,219,8,0.326,LOW,1.101
00:08,219,8,0.304,MEDIUM,2.426
00:08,220,11,0.649,HIGH,12.804
00:08,220,11,0.641,LOW,1.150
00:08,220,11,0.596,LOW,1.313
00:08,220,11,0.465,LOW,1.742
00:08,220,11,0.450,LOW,1.309
00:08,220,11,0.297,MEDIUM,3.902
00:08,220,11,0.296,LOW,0.776
00:08,220,11,0.296,MEDIUM,2.374
00:08,220,11,0.273,LOW,1.905
00:08,220,11,0.268,LOW,1.047
00:08,220,11,0.265,HIGH,10.801
00:08,221,8,0.651,HIGH,13.526
00:08,221,8,0.625,LOW,1.136
00:08,221,8,0.574,LOW,1.390
00:08,221,8,0.545,LOW,1.418
00:08,221,8,0.404,LOW,1.709
00:08,221,8,0.371,MEDIUM,3.852
00:08,221,8,0.311,LOW,0.921
00:08,221,8,0.306,MEDIUM,2.488
00:08,222,8,0.581,LOW,1.005
00:08,222,8,0.581,HIGH,14.758
00:08,222,8,0.561,LOW,1.154
00:08,222,8,0.535,LOW,1.501
00:08,222,8,0.454,MEDIUM,3.396
00:08,222,8,0.438,LOW,1.636
00:08,222,8,0.292,MEDIUM,2.369
00:08,222,8,0.290,LOW,0.973
00:08,223,7,0.625,LOW,1.005
00:08,223,7,0.609,HIGH,14.084
00:08,223,7,0.570,LOW,0.994
00:08,223,7,0.528,LOW,1.397
00:08,223,7,0.495,LOW,1.541
00:08,223,7,0.427,MEDIUM,3.672
00:08,223,7,0.257,MEDIUM,2.298
00:08,224,7,0.572,LOW,1.336
00:08,224,7,0.560,LOW,1.000
00:08,224,7,0.491,HIGH,13.425
00:08,224,7,0.471,LOW,1.459
00:08,224,7,0.426,LOW,1.552
00:08,224,7,0.290,MEDIUM,2.023
00:08,224,7,0.274,MEDIUM,2.380
00:09,225,8,0.594,LOW,1.071
00:09,225,8,0.592,LOW,1.453
00:09,225,8,0.518,LOW,1.800
00:09,225,8,0.461,LOW,1.259
00:09,225,8,0.455,LOW,1.455
00:09,225,8,0.349,HIGH,13.906
00:09,225,8,0.318,LOW,1.413
00:09,225,8,0.268,MEDIUM,2.159
00:09,226,8,0.644,LOW,1.490
00:09,226,8,0.602,LOW,1.077
00:09,226,8,0.544,LOW,1.369
00:09,226,8,0.440,LOW,1.714
00:09,226,8,0.357,LOW,1.888
00:09,226,8,0.342,HIGH,13.834
00:09,226,8,0.312,LOW,1.442
00:09,226,8,0.255,HIGH,12.304
00:09,227,9,0.642,LOW,1.716
00:09,227,9,0.621,LOW,1.274
00:09,227,9,0.590,LOW,1.380
00:09,227,9,0.455,LOW,1.682
00:09,227,9,0.423,LOW,1.928
00:09,227,9,0.375,MEDIUM,3.117
00:09,227,9,0.360,LOW,1.468
00:09,227,9,0.331,LOW,1.210
00:09,227,9,0.265,MEDIUM,2.065
00:09,228,11,0.608,LOW,1.270
00:09,228,11,0.596,LOW,1.263
00:09,228,11,0.589,LOW,1.204
00:09,228,11,0.353,LOW,1.829
00:09,228,11,0.352,LOW,1.823
00:09,228,11,0.333,MEDIUM,2.939
00:09,228,11,0.330,LOW,1.908
00:09,228,11,0.329,LOW,0.902
00:09,228,11,0.309,HIGH,12.691
00:09,228,11,0.308,LOW,1.472
00:09,228,11,0.285,MEDIUM,2.050
00:09,229,8,0.635,LOW,1.269
00:09,229,8,0.617,LOW,1.492
00:09,229,8,0.610,LOW,1.563
00:09,229,8,0.423,LOW,1.835
00:09,229,8,0.352,HIGH,13.543
00:09,229,8,0.323,LOW,1.017
00:09,229,8,0.302,LOW,1.451
00:09,229,8,0.253,MEDIUM,2.805
00:09,230,10,0.638,LOW,1.194
00:09,230,10,0.627,LOW,1.718
00:09,230,10,0.558,LOW,1.472
00:09,230,10,0.456,MEDIUM,3.091
00:09,230,10,0.455,LOW,1.121
00:09,230,10,0.408,HIGH,13.908
00:09,230,10,0.328,LOW,1.370
00:09,230,10,0.289,LOW,1.842
00:09,230,10,0.280,MEDIUM,2.255
00:09,230,10,0.275,LOW,0.859
00:09,231,7,0.621,LOW,1.200
00:09,231,7,0.601,LOW,1.446
00:09,231,7,0.565,LOW,1.503
00:09,231,7,0.452,HIGH,14.496
00:09,231,7,0.358,MEDIUM,3.196
00:09,231,7,0.329,MEDIUM,2.262
00:09,231,7,0.291,MEDIUM,2.221
00:09,232,8,0.601,LOW,1.487
00:09,232,8,0.586,LOW,1.385
00:09,232,8,0.521,LOW,1.224
00:09,232,8,0.500,HIGH,14.927
00:09,232,8,0.312,LOW,1.586
00:09,232,8,0.282,LOW,0.928
00:09,232,8,0.267,MEDIUM,2.485
00:09,232,8,0.265,MEDIUM,3.266
00:09,233,7,0.672,LOW,1.503
00:09,233,7,0.602,LOW,1.448
00:09,233,7,0.567,LOW,1.393
00:09,233,7,0.454,MEDIUM,4.307
00:09,233,7,0.444,HIGH,12.038
00:09,233,7,0.421,LOW,1.568
00:09,233,7,0.251,MEDIUM,2.293
00:09,234,8,0.648,LOW,1.492
00:09,234,8,0.640,LOW,1.381
00:09,234,8,0.629,MEDIUM,4.462
00:09,234,8,0.573,LOW,1.390
00:09,234,8,0.410,LOW,1.562
00:09,234,8,0.332,MEDIUM,2.267
00:09,234,8,0.280,HIGH,11.685
00:09,234,8,0.263,MEDIUM,2.483
00:09,235,7,0.655,MEDIUM,5.180
00:09,235,7,0.619,LOW,1.429
00:09,235,7,0.589,LOW,1.398
00:09,235,7,0.534,LOW,1.351
00:09,235,7,0.499,LOW,1.287
00:09,235,7,0.306,MEDIUM,2.125
00:09,235,7,0.300,HIGH,10.564
00:09,236,7,0.626,LOW,1.342
00:09,236,7,0.609,MEDIUM,5.330
00:09,236,7,0.586,LOW,1.373
00:09,236,7,0.544,LOW,1.403
00:09,236,7,0.505,LOW,1.286
00:09,236,7,0.386,LOW,1.008
00:09,236,7,0.277,MEDIUM,2.477
00:09,237,10,0.628,LOW,1.286
00:09,237,10,0.624,LOW,1.102
00:09,237,10,0.610,MEDIUM,6.161
00:09,237,10,0.521,LOW,1.474
00:09,237,10,0.514,LOW,1.625
00:09,237,10,0.298,LOW,1.119
00:09,237,10,0.293,LOW,1.966
00:09,237,10,0.277,MEDIUM,2.642
00:09,237,10,0.258,LOW,1.041
00:09,237,10,0.257,LOW,1.663
00:09,238,9,0.630,MEDIUM,6.573
00:09,238,9,0.600,LOW,1.457
00:09,238,9,0.557,LOW,0.994
00:09,238,9,0.556,LOW,1.005
00:09,238,9,0.523,LOW,1.547
00:09,238,9,0.404,LOW,1.687
00:09,238,9,0.390,MEDIUM,2.096
00:09,238,9,0.293,MEDIUM,2.697
00:09,238,9,0.253,HIGH,11.072
00:09,239,9,0.629,LOW,1.505
00:09,239,9,0.569,HIGH,7.929
00:09,239,9,0.559,LOW,1.568
00:09,239,9,0.524,LOW,1.062
00:09,239,9,0.467,LOW,0.964
00:09,239,9,0.435,MEDIUM,2.557
00:09,239,9,0.391,LOW,1.684
00:09,239,9,0.267,MEDIUM,2.716
00:09,239,9,0.258,MEDIUM,2.209
00:09,240,10,0.652,LOW,1.425
00:09,240,10,0.626,HIGH,7.787
00:09,240,10,0.602,LOW,1.722
00:09,240,10,0.546,LOW,0.634
00:09,240,10,0.470,LOW,1.093
00:09,240,10,0.399,HIGH,11.306
00:09,240,10,0.374,LOW,1.464
00:09,240,10,0.350,MEDIUM,2.159
00:09,240,10,0.286,MEDIUM,2.752
00:09,240,10,0.264,MEDIUM,2.468
00:09,241,10,0.632,LOW,1.813
00:09,241,10,0.618,LOW,1.541
00:09,241,10,0.565,HIGH,14.523
00:09,241,10,0.483,LOW,1.163
00:09,241,10,0.478,HIGH,9.994
00:09,241,10,0.443,LOW,1.483
00:09,241,10,0.310,MEDIUM,2.837
00:09,241,10,0.306,MEDIUM,2.236
00:09,241,10,0.298,MEDIUM,2.754
00:09,241,10,0.270,LOW,0.565
00:09,242,10,0.666,LOW,1.821
00:09,242,10,0.658,LOW,1.639
00:09,242,10,0.651,HIGH,14.361
00:09,242,10,0.589,LOW,1.195
00:09,242,10,0.467,LOW,1.540
00:09,242,10,0.408,LOW,1.430
00:09,242,10,0.316,LOW,0.836
00:09,242,10,0.282,MEDIUM,2.967
00:09,242,10,0.266,MEDIUM,2.355
00:09,242,10,0.264,MEDIUM,2.646
00:09,243,8,0.683,HIGH,14.450
00:09,243,8,0.650,LOW,1.740
00:09,243,8,0.621,LOW,1.598
00:09,243,8,0.598,LOW,1.409
00:09,243,8,0.496,LOW,1.524
00:09,243,8,0.396,LOW,1.372
00:09,243,8,0.321,MEDIUM,2.924
00:09,243,8,0.284,LOW,0.911
00:09,244,7,0.673,LOW,1.320
00:09,244,7,0.663,HIGH,15.165
00:09,244,7,0.650,LOW,1.885
00:09,244,7,0.625,LOW,1.601
00:09,244,7,0.504,LOW,1.509
00:09,244,7,0.393,LOW,1.441
00:09,244,7,0.275,MEDIUM,2.715
00:09,245,8,0.683,HIGH,13.835
00:09,245,8,0.652,LOW,1.907
00:09,245,8,0.651,LOW,1.536
00:09,245,8,0.638,LOW,1.581
00:09,245,8,0.475,MEDIUM,3.309
00:09,245,8,0.377,LOW,1.516
00:09,245,8,0.298,LOW,1.815
00:09,245,8,0.256,MEDIUM,2.732
00:09,246,7,0.664,LOW,1.904
00:09,246,7,0.653,HIGH,13.955
00:09,246,7,0.645,LOW,1.644
00:09,246,7,0.629,LOW,1.695
00:09,246,7,0.412,MEDIUM,3.796
00:09,246,7,0.371,LOW,1.498
00:09,246,7,0.272,LOW,1.775
00:09,247,6,0.676,MEDIUM,2.086
00:09,247,6,0.673,LOW,1.679
00:09,247,6,0.667,LOW,1.652
00:09,247,6,0.632,HIGH,13.372
00:09,247,6,0.464,MEDIUM,3.663
00:09,247,6,0.398,LOW,1.499
00:09,248,8,0.700,MEDIUM,2.330
00:09,248,8,0.665,MEDIUM,3.471
00:09,248,8,0.656,LOW,1.827
00:09,248,8,0.642,LOW,1.589
00:09,248,8,0.428,LOW,1.565
00:09,248,8,0.413,HIGH,12.848
00:09,248,8,0.328,LOW,1.635
00:09,248,8,0.291,MEDIUM,3.368
00:09,249,9,0.684,MEDIUM,3.431
00:09,249,9,0.673,LOW,1.675
00:09,249,9,0.671,LOW,1.767
00:09,249,9,0.651,MEDIUM,2.255
00:09,249,9,0.384,MEDIUM,2.426
00:09,249,9,0.372,LOW,1.531
00:09,249,9,0.333,HIGH,11.835
00:09,249,9,0.294,MEDIUM,3.356
00:09,249,9,0.278,LOW,1.986
00:10,250,8,0.712,LOW,1.905
00:10,250,8,0.676,MEDIUM,3.444
00:10,250,8,0.664,LOW,1.829
00:10,250,8,0.660,LOW,1.968
00:10,250,8,0.433,LOW,1.545
00:10,250,8,0.415,MEDIUM,2.882
00:10,250,8,0.412,LOW,1.855
00:10,250,8,0.326,MEDIUM,2.639
00:10,251,6,0.710,LOW,1.900
00:10,251,6,0.696,MEDIUM,2.059
00:10,251,6,0.687,MEDIUM,3.586
00:10,251,6,0.664,MEDIUM,2.020
00:10,251,6,0.531,LOW,1.775
00:10,251,6,0.376,LOW,1.609
00:10,252,6,0.794,MEDIUM,2.003
00:10,252,6,0.735,MEDIUM,4.274
00:10,252,6,0.701,MEDIUM,2.227
00:10,252,6,0.690,MEDIUM,2.018
00:10,252,6,0.671,MEDIUM,2.133
00:10,252,6,0.452,LOW,1.583
00:10,253,6,0.778,MEDIUM,2.009
00:10,253,6,0.765,MEDIUM,2.438
00:10,253,6,0.745,MEDIUM,2.111
00:10,253,6,0.726,MEDIUM,4.120
00:10,253,6,0.676,LOW,1.949
00:10,253,6,0.464,LOW,1.636
00:10,254,6,0.820,MEDIUM,2.431
00:10,254,6,0.782,MEDIUM,2.146
00:10,254,6,0.760,MEDIUM,4.809
00:10,254,6,0.739,MEDIUM,2.069
00:10,254,6,0.692,MEDIUM,2.274
00:10,254,6,0.386,LOW,1.639
00:10,255,6,0.769,MEDIUM,2.247
00:10,255,6,0.736,MEDIUM,4.604
00:10,255,6,0.719,MEDIUM,2.254
00:10,255,6,0.693,MEDIUM,2.418
00:10,255,6,0.661,MEDIUM,2.382
00:10,255,6,0.455,LOW,1.729
00:10,256,6,0.746,MEDIUM,5.534
00:10,256,6,0.698,MEDIUM,2.601
00:10,256,6,0.697,MEDIUM,2.336
00:10,256,6,0.684,MEDIUM,2.186
00:10,256,6,0.677,MEDIUM,2.258
00:10,256,6,0.444,LOW,1.660
00:10,257,6,0.763,MEDIUM,5.899
00:10,257,6,0.744,MEDIUM,2.594
00:10,257,6,0.744,MEDIUM,2.264
00:10,257,6,0.705,MEDIUM,2.189
00:10,257,6,0.698,MEDIUM,2.416
00:10,257,6,0.439,LOW,1.699
00:10,258,6,0.816,MEDIUM,2.399
00:10,258,6,0.808,MEDIUM,6.835
00:10,258,6,0.735,MEDIUM,2.578
00:10,258,6,0.665,MEDIUM,2.246
00:10,258,6,0.629,MEDIUM,2.453
00:10,258,6,0.514,LOW,1.808
00:10,259,7,0.745,HIGH,7.377
00:10,259,7,0.738,MEDIUM,2.432
00:10,259,7,0.702,MEDIUM,2.921
00:10,259,7,0.675,MEDIUM,2.531
00:10,259,7,0.564,MEDIUM,2.063
00:10,259,7,0.512,LOW,1.932
00:10,259,7,0.253,MEDIUM,4.976
00:10,260,6,0.809,HIGH,8.009
00:10,260,6,0.802,MEDIUM,2.515
00:10,260,6,0.674,MEDIUM,3.143
00:10,260,6,0.665,MEDIUM,2.503
00:10,260,6,0.520,MEDIUM,2.029
00:10,260,6,0.452,MEDIUM,2.160
00:10,261,6,0.821,MEDIUM,2.511
00:10,261,6,0.790,HIGH,8.496
00:10,261,6,0.693,MEDIUM,2.652
00:10,261,6,0.682,MEDIUM,3.092
00:10,261,6,0.619,LOW,1.828
00:10,261,6,0.525,MEDIUM,2.054
00:10,262,7,0.818,HIGH,10.004
00:10,262,7,0.699,MEDIUM,3.100
00:10,262,7,0.698,MEDIUM,2.301
00:10,262,7,0.672,MEDIUM,2.759
00:10,262,7,0.504,LOW,1.208
00:10,262,7,0.483,MEDIUM,2.093
00:10,262,7,0.264,LOW,1.869
00:10,263,9,0.727,HIGH,9.622
00:10,263,9,0.679,MEDIUM,3.309
00:10,263,9,0.678,MEDIUM,3.035
00:10,263,9,0.661,MEDIUM,2.245
00:10,263,9,0.461,MEDIUM,2.098
00:10,263,9,0.377,LOW,0.738
00:10,263,9,0.291,HIGH,38.619
00:10,263,9,0.266,LOW,1.152
00:10,263,9,0.265,LOW,1.388
00:10,264,6,0.695,MEDIUM,3.381
00:10,264,6,0.688,HIGH,9.652
00:10,264,6,0.654,MEDIUM,2.965
00:10,264,6,0.563,MEDIUM,2.279
00:10,264,6,0.464,MEDIUM,2.147
00:10,264,6,0.380,HIGH,41.282
00:10,265,6,0.744,MEDIUM,3.788
00:10,265,6,0.700,MEDIUM,2.256
00:10,265,6,0.683,MEDIUM,2.503
00:10,265,6,0.506,HIGH,10.300
00:10,265,6,0.471,MEDIUM,2.168
00:10,265,6,0.367,HIGH,36.325
00:10,266,6,0.769,MEDIUM,3.738
00:10,266,6,0.681,MEDIUM,2.716
00:10,266,6,0.489,MEDIUM,2.105
00:10,266,6,0.470,MEDIUM,2.175
00:10,266,6,0.353,HIGH,8.352
00:10,266,6,0.331,HIGH,37.318
00:10,267,6,0.775,MEDIUM,3.823
00:10,267,6,0.616,MEDIUM,2.799
00:10,267,6,0.471,MEDIUM,2.073
00:10,267,6,0.455,MEDIUM,2.095
00:10,267,6,0.379,MEDIUM,5.178
00:10,267,6,0.361,HIGH,42.792
00:10,268,7,0.748,MEDIUM,4.604
00:10,268,7,0.662,LOW,1.933
00:10,268,7,0.595,MEDIUM,2.751
00:10,268,7,0.469,HIGH,48.405
00:10,268,7,0.433,MEDIUM,3.262
00:10,268,7,0.383,MEDIUM,2.666
00:10,268,7,0.275,HIGH,9.176
00:10,269,6,0.753,MEDIUM,4.271
00:10,269,6,0.641,LOW,1.902
00:10,269,6,0.607,MEDIUM,2.694
00:10,269,6,0.601,HIGH,50.467
00:10,269,6,0.410,MEDIUM,2.742
00:10,269,6,0.360,MEDIUM,3.838
00:10,270,5,0.784,MEDIUM,4.775
00:10,270,5,0.641,MEDIUM,2.407
00:10,270,5,0.598,HIGH,50.445
00:10,270,5,0.439,LOW,1.739
00:10,270,5,0.413,MEDIUM,2.743
00:10,271,5,0.812,MEDIUM,5.218
00:10,271,5,0.744,MEDIUM,2.420
00:10,271,5,0.428,MEDIUM,2.215
00:10,271,5,0.362,LOW,1.774
00:10,271,5,0.314,HIGH,9.785
00:10,272,3,0.760,MEDIUM,5.415
00:10,272,3,0.593,MEDIUM,2.473
00:10,272,3,0.433,MEDIUM,2.219
00:10,273,3,0.721,MEDIUM,5.842
00:10,273,3,0.565,MEDIUM,2.434
00:10,273,3,0.454,MEDIUM,2.225
00:10,274,3,0.751,MEDIUM,5.767
00:10,274,3,0.632,LOW,1.869
00:10,274,3,0.408,MEDIUM,2.156
00:11,275,4,0.607,MEDIUM,2.069
00:11,275,4,0.539,HIGH,9.796
00:11,275,4,0.487,MEDIUM,6.532
00:11,275,4,0.414,MEDIUM,2.872
00:11,276,4,0.622,HIGH,8.984
00:11,276,4,0.582,LOW,1.704
00:11,276,4,0.436,MEDIUM,2.141
00:11,276,4,0.255,MEDIUM,3.242
00:11,277,5,0.661,HIGH,8.418
00:11,277,5,0.637,LOW,1.817
00:11,277,5,0.468,MEDIUM,2.121
00:11,277,5,0.308,HIGH,10.006
00:11,277,5,0.285,MEDIUM,3.183
00:11,278,5,0.708,HIGH,7.706
00:11,278,5,0.442,MEDIUM,2.659
00:11,278,5,0.411,LOW,1.429
00:11,278,5,0.369,MEDIUM,2.068
00:11,278,5,0.300,HIGH,12.428
00:11,279,5,0.726,HIGH,7.080
00:11,279,5,0.462,MEDIUM,2.129
00:11,279,5,0.321,MEDIUM,3.203
00:11,279,5,0.271,LOW,1.573
00:11,279,5,0.268,HIGH,12.731
00:11,280,4,0.716,MEDIUM,6.213
00:11,280,4,0.460,MEDIUM,2.013
00:11,280,4,0.287,HIGH,12.282
00:11,280,4,0.265,MEDIUM,3.174
00:11,281,2,0.734,MEDIUM,5.679
00:11,281,2,0.452,LOW,1.986
00:11,282,3,0.761,MEDIUM,4.697
00:11,282,3,0.430,MEDIUM,3.041
00:11,282,3,0.367,MEDIUM,2.034
00:11,283,4,0.689,MEDIUM,4.474
00:11,283,4,0.455,MEDIUM,3.003
00:11,283,4,0.368,MEDIUM,2.020
00:11,283,4,0.288,MEDIUM,6.271
00:11,284,4,0.684,MEDIUM,3.801
00:11,284,4,0.488,MEDIUM,2.977
00:11,284,4,0.420,MEDIUM,2.006
00:11,284,4,0.318,HIGH,10.898
00:11,285,5,0.513,MEDIUM,3.031
00:11,285,5,0.447,MEDIUM,2.026
00:11,285,5,0.363,MEDIUM,3.159
00:11,285,5,0.302,HIGH,10.288
00:11,285,5,0.277,LOW,0.851
00:11,286,3,0.522,MEDIUM,3.122
00:11,286,3,0.414,MEDIUM,2.031
00:11,286,3,0.313,HIGH,10.118
00:11,287,3,0.554,MEDIUM,3.207
00:11,287,3,0.395,MEDIUM,2.133
00:11,287,3,0.263,MEDIUM,4.674
00:11,288,3,0.557,MEDIUM,3.262
00:11,288,3,0.430,MEDIUM,4.464
00:11,288,3,0.325,MEDIUM,2.213
00:11,289,4,0.564,MEDIUM,3.317
00:11,289,4,0.459,MEDIUM,3.676
00:11,289,4,0.413,MEDIUM,2.152
00:11,289,4,0.258,LOW,1.754
00:11,290,3,0.562,MEDIUM,3.377
00:11,290,3,0.474,MEDIUM,4.072
00:11,290,3,0.430,MEDIUM,2.299
00:11,291,4,0.550,MEDIUM,3.401
00:11,291,4,0.472,MEDIUM,2.199
00:11,291,4,0.446,MEDIUM,3.994
00:11,291,4,0.250,LOW,0.956
00:11,292,6,0.527,MEDIUM,2.207
00:11,292,6,0.526,MEDIUM,3.179
00:11,292,6,0.341,HIGH,8.638
00:11,292,6,0.295,LOW,0.945
00:11,292,6,0.258,LOW,0.803
00:11,292,6,0.257,MEDIUM,3.657
00:11,293,5,0.553,MEDIUM,2.120
00:11,293,5,0.511,MEDIUM,3.184
00:11,293,5,0.382,LOW,0.824
00:11,293,5,0.302,LOW,0.974
00:11,293,5,0.299,LOW,1.202
00:11,294,4,0.523,MEDIUM,3.228
00:11,294,4,0.509,MEDIUM,2.198
00:11,294,4,0.337,LOW,0.905
00:11,294,4,0.258,MEDIUM,2.054
00:11,295,5,0.541,MEDIUM,3.271
00:11,295,5,0.408,LOW,1.195
00:11,295,5,0.351,MEDIUM,2.212
00:11,295,5,0.312,LOW,1.874
00:11,295,5,0.302,LOW,1.501
00:11,296,4,0.524,MEDIUM,3.306
00:11,296,4,0.402,MEDIUM,2.275
00:11,296,4,0.365,LOW,1.319
00:11,296,4,0.274,LOW,1.531
00:11,297,4,0.545,MEDIUM,3.376
00:11,297,4,0.450,LOW,1.245
00:11,297,4,0.405,MEDIUM,2.340
00:11,297,4,0.320,LOW,1.119
00:11,298,6,0.597,MEDIUM,3.540
00:11,298,6,0.491,LOW,1.094
00:11,298,6,0.444,HIGH,16.586
00:11,298,6,0.382,MEDIUM,2.276
00:11,298,6,0.255,LOW,1.563
00:11,298,6,0.250,LOW,1.066
00:11,299,6,0.581,MEDIUM,3.644
00:11,299,6,0.471,HIGH,22.475
00:11,299,6,0.429,LOW,1.145
00:11,299,6,0.340,LOW,1.026
00:11,299,6,0.323,MEDIUM,2.222
00:11,299,6,0.267,LOW,1.078
00:12,300,5,0.589,MEDIUM,3.706
00:12,300,5,0.458,LOW,1.426
00:12,300,5,0.375,LOW,0.962
00:12,300,5,0.317,LOW,1.043
00:12,300,5,0.273,HIGH,22.441
00:12,301,5,0.594,HIGH,23.522
00:12,301,5,0.563,MEDIUM,3.476
00:12,301,5,0.338,LOW,1.001
00:12,301,5,0.316,LOW,1.917
00:12,301,5,0.283,LOW,1.352
00:12,302,5,0.584,MEDIUM,3.556
00:12,302,5,0.462,LOW,1.454
00:12,302,5,0.427,LOW,1.149
00:12,302,5,0.367,HIGH,25.613
00:12,302,5,0.280,LOW,1.307
00:12,303,5,0.594,MEDIUM,3.555
00:12,303,5,0.454,HIGH,27.150
00:12,303,5,0.448,LOW,1.316
00:12,303,5,0.422,LOW,1.075
00:12,303,5,0.271,LOW,1.359
00:12,304,4,0.614,MEDIUM,3.595
00:12,304,4,0.467,LOW,1.035
00:12,304,4,0.418,LOW,1.309
00:12,304,4,0.265,LOW,1.393
00:12,305,5,0.601,MEDIUM,3.589
00:12,305,5,0.476,LOW,1.542
00:12,305,5,0.383,LOW,0.896
00:12,305,5,0.360,HIGH,30.614
00:12,305,5,0.252,LOW,1.421
00:12,306,6,0.610,MEDIUM,3.591
00:12,306,6,0.435,LOW,0.973
00:12,306,6,0.423,LOW,1.376
00:12,306,6,0.416,MEDIUM,2.811
00:12,306,6,0.331,HIGH,19.610
00:12,306,6,0.288,HIGH,30.790
00:12,307,6,0.621,MEDIUM,3.614
00:12,307,6,0.492,LOW,0.997
00:12,307,6,0.464,HIGH,19.183
00:12,307,6,0.442,LOW,1.417
00:12,307,6,0.373,MEDIUM,2.748
00:12,307,6,0.354,HIGH,30.105
00:12,308,6,0.574,MEDIUM,3.707
00:12,308,6,0.572,LOW,1.027
00:12,308,6,0.495,HIGH,23.605
00:12,308,6,0.380,MEDIUM,2.803
00:12,308,6,0.330,LOW,1.371
00:12,308,6,0.263,HIGH,10.065
00:12,309,7,0.598,MEDIUM,3.639
00:12,309,7,0.571,HIGH,23.862
00:12,309,7,0.490,LOW,0.942
00:12,309,7,0.486,MEDIUM,3.021
00:12,309,7,0.352,HIGH,16.934
00:12,309,7,0.288,LOW,1.589
00:12,309,7,0.260,HIGH,9.458
00:12,310,6,0.603,MEDIUM,3.795
00:12,310,6,0.522,HIGH,24.673
00:12,310,6,0.448,MEDIUM,2.958
00:12,310,6,0.445,LOW,0.942
00:12,310,6,0.284,LOW,1.887
00:12,310,6,0.259,HIGH,17.015
00:12,311,5,0.571,MEDIUM,3.807
00:12,311,5,0.482,LOW,0.953
00:12,311,5,0.397,MEDIUM,2.930
00:12,311,5,0.358,HIGH,24.689
00:12,311,5,0.276,MEDIUM,2.870
00:12,312,6,0.573,HIGH,31.835
00:12,312,6,0.572,MEDIUM,4.171
00:12,312,6,0.485,LOW,0.839
00:12,312,6,0.474,LOW,1.854
00:12,312,6,0.340,MEDIUM,2.829
00:12,312,6,0.311,HIGH,21.494
00:12,313,6,0.639,MEDIUM,4.676
00:12,313,6,0.618,HIGH,29.332
00:12,313,6,0.483,LOW,1.169
00:12,313,6,0.428,LOW,1.832
00:12,313,6,0.407,HIGH,23.155
00:12,313,6,0.344,MEDIUM,2.796
00:12,314,7,0.634,MEDIUM,4.537
00:12,314,7,0.624,HIGH,29.710
00:12,314,7,0.449,MEDIUM,3.065
00:12,314,7,0.408,LOW,1.816
00:12,314,7,0.399,LOW,1.013
00:12,314,7,0.346,HIGH,21.370
00:12,314,7,0.313,LOW,1.366
00:12,315,4,0.647,MEDIUM,4.516
00:12,315,4,0.609,HIGH,31.939
00:12,315,4,0.506,MEDIUM,3.036
00:12,315,4,0.496,LOW,1.411
00:12,316,5,0.649,MEDIUM,4.474
00:12,316,5,0.604,HIGH,31.651
00:12,316,5,0.529,MEDIUM,3.107
00:12,316,5,0.516,LOW,1.911
00:12,316,5,0.373,LOW,1.189
00:12,317,7,0.652,MEDIUM,4.502
00:12,317,7,0.544,MEDIUM,3.187
00:12,317,7,0.509,LOW,1.915
00:12,317,7,0.459,HIGH,32.451
00:12,317,7,0.349,HIGH,12.636
00:12,317,7,0.318,HIGH,25.050
00:12,317,7,0.254,LOW,1.319
00:12,318,5,0.671,MEDIUM,4.550
00:12,318,5,0.500,LOW,1.873
00:12,318,5,0.469,HIGH,13.565
00:12,318,5,0.437,MEDIUM,3.331
00:12,318,5,0.256,LOW,1.441
00:12,319,4,0.654,MEDIUM,4.481
00:12,319,4,0.508,MEDIUM,3.589
00:12,319,4,0.433,LOW,1.908
00:12,319,4,0.367,HIGH,15.072
00:12,320,5,0.676,MEDIUM,4.453
00:12,320,5,0.487,MEDIUM,3.007
00:12,320,5,0.420,MEDIUM,3.406
00:12,320,5,0.394,LOW,1.855
00:12,320,5,0.325,HIGH,12.157
00:12,321,5,0.668,MEDIUM,4.508
00:12,321,5,0.456,HIGH,12.397
00:12,321,5,0.452,MEDIUM,3.308
00:12,321,5,0.353,MEDIUM,3.320
00:12,321,5,0.277,LOW,1.669
00:12,322,5,0.670,MEDIUM,4.825
00:12,322,5,0.497,HIGH,13.185
00:12,322,5,0.412,LOW,1.908
00:12,322,5,0.311,MEDIUM,3.221
00:12,322,5,0.273,MEDIUM,3.202
00:12,323,3,0.625,MEDIUM,4.838
00:12,323,3,0.507,HIGH,13.622
00:12,323,3,0.353,LOW,1.845
00:12,324,3,0.594,MEDIUM,4.750
00:12,324,3,0.508,HIGH,15.131
00:12,324,3,0.307,MEDIUM,2.064
00:13,325,3,0.643,MEDIUM,6.193
00:13,325,3,0.531,HIGH,12.500
00:13,325,3,0.251,LOW,1.675
00:13,326,2,0.602,MEDIUM,6.126
00:13,326,2,0.483,HIGH,12.448
00:13,327,3,0.664,MEDIUM,6.399
00:13,327,3,0.549,HIGH,12.176
00:13,327,3,0.522,MEDIUM,2.513
00:13,328,3,0.610,MEDIUM,6.105
00:13,328,3,0.606,HIGH,13.806
00:13,328,3,0.346,MEDIUM,2.247
00:13,329,3,0.657,HIGH,12.335
00:13,329,3,0.641,MEDIUM,6.528
00:13,329,3,0.357,MEDIUM,3.016
00:13,330,3,0.677,MEDIUM,6.612
00:13,330,3,0.587,HIGH,13.460
00:13,330,3,0.419,MEDIUM,2.746
00:13,331,3,0.668,HIGH,7.093
00:13,331,3,0.542,HIGH,16.803
00:13,331,3,0.537,MEDIUM,2.809
00:13,332,3,0.713,MEDIUM,6.754
00:13,332,3,0.601,MEDIUM,3.123
00:13,332,3,0.395,HIGH,8.348
00:13,333,5,0.722,MEDIUM,6.889
00:13,333,5,0.554,MEDIUM,3.118
00:13,333,5,0.491,HIGH,10.385
00:13,333,5,0.357,HIGH,7.293
00:13,333,5,0.255,LOW,1.506
00:13,334,3,0.727,HIGH,7.113
00:13,334,3,0.652,MEDIUM,3.221
00:13,334,3,0.595,HIGH,10.965
00:13,335,4,0.725,MEDIUM,6.979
00:13,335,4,0.593,MEDIUM,3.972
00:13,335,4,0.544,MEDIUM,6.924
00:13,335,4,0.380,MEDIUM,5.967
00:13,336,5,0.717,MEDIUM,6.454
00:13,336,5,0.671,MEDIUM,4.341
00:13,336,5,0.527,MEDIUM,6.417
00:13,336,5,0.353,HIGH,8.007
00:13,336,5,0.293,MEDIUM,4.153
00:13,337,5,0.712,MEDIUM,6.710
00:13,337,5,0.523,HIGH,9.016
00:13,337,5,0.514,MEDIUM,5.054
00:13,337,5,0.512,HIGH,9.143
00:13,337,5,0.365,HIGH,32.589
00:13,338,6,0.727,MEDIUM,6.763
00:13,338,6,0.490,HIGH,7.481
00:13,338,6,0.408,HIGH,10.846
00:13,338,6,0.387,HIGH,34.980
00:13,338,6,0.356,MEDIUM,5.092
00:13,338,6,0.273,HIGH,9.873
00:13,339,4,0.739,MEDIUM,6.843
00:13,339,4,0.580,HIGH,10.449
00:13,339,4,0.545,HIGH,11.944
00:13,339,4,0.504,HIGH,7.506
00:13,340,3,0.776,MEDIUM,6.904
00:13,340,3,0.619,HIGH,9.191
00:13,340,3,0.488,HIGH,12.758
00:13,341,5,0.777,MEDIUM,6.936
00:13,341,5,0.669,HIGH,11.468
00:13,341,5,0.503,HIGH,11.998
00:13,341,5,0.279,HIGH,17.941
00:13,341,5,0.273,LOW,0.877
00:13,342,4,0.775,HIGH,7.300
00:13,342,4,0.591,HIGH,12.447
00:13,342,4,0.377,HIGH,11.152
00:13,342,4,0.262,HIGH,15.471
00:13,343,2,0.748,HIGH,7.287
00:13,343,2,0.671,HIGH,12.189
00:13,344,3,0.719,MEDIUM,6.909
00:13,344,3,0.706,HIGH,13.687
00:13,344,3,0.380,MEDIUM,4.186
00:13,345,4,0.639,MEDIUM,6.656
00:13,345,4,0.544,HIGH,16.117
00:13,345,4,0.340,HIGH,35.134
00:13,345,4,0.335,MEDIUM,3.279
00:13,346,3,0.640,MEDIUM,6.965
00:13,346,3,0.441,HIGH,39.555
00:13,346,3,0.367,HIGH,16.601
00:13,347,4,0.670,HIGH,7.472
00:13,347,4,0.638,HIGH,47.133
00:13,347,4,0.261,HIGH,13.097
00:13,347,4,0.252,HIGH,7.068
00:13,348,3,0.763,HIGH,7.344
00:13,348,3,0.650,HIGH,12.435
00:13,348,3,0.318,HIGH,42.122
00:13,349,4,0.744,HIGH,7.285
00:13,349,4,0.542,HIGH,12.729
00:13,349,4,0.505,HIGH,41.855
00:13,349,4,0.285,HIGH,27.106
00:14,350,3,0.767,HIGH,7.319
00:14,350,3,0.471,HIGH,12.915
00:14,350,3,0.459,HIGH,43.582
00:14,351,3,0.765,HIGH,7.265
00:14,351,3,0.567,HIGH,12.439
00:14,351,3,0.280,HIGH,41.160
00:14,352,3,0.658,HIGH,8.713
00:14,352,3,0.574,HIGH,19.143
00:14,352,3,0.299,HIGH,34.598
00:14,353,3,0.663,HIGH,8.652
00:14,353,3,0.470,HIGH,16.060
00:14,353,3,0.282,HIGH,43.972
00:14,354,3,0.713,HIGH,8.281
00:14,354,3,0.384,HIGH,21.548
00:14,354,3,0.364,HIGH,33.709
00:14,355,2,0.727,HIGH,8.299
00:14,355,2,0.592,HIGH,22.493
00:14,356,2,0.720,HIGH,8.588
00:14,356,2,0.587,HIGH,22.189
00:14,357,3,0.738,HIGH,8.355
00:14,357,3,0.614,HIGH,20.592
00:14,357,3,0.282,MEDIUM,2.929
00:14,358,3,0.702,HIGH,7.785
00:14,358,3,0.532,HIGH,22.894
00:14,358,3,0.378,MEDIUM,3.567
00:14,359,3,0.723,HIGH,7.881
00:14,359,3,0.591,MEDIUM,3.484
00:14,359,3,0.385,HIGH,22.501
00:14,360,3,0.715,HIGH,7.928
00:14,360,3,0.562,MEDIUM,3.237
00:14,360,3,0.313,HIGH,11.440
00:14,361,3,0.726,HIGH,8.071
00:14,361,3,0.553,MEDIUM,3.768
00:14,361,3,0.313,HIGH,10.861
00:14,362,3,0.682,HIGH,8.213
00:14,362,3,0.620,MEDIUM,4.083
00:14,362,3,0.262,HIGH,7.456
00:14,363,2,0.689,HIGH,7.723
00:14,363,2,0.565,MEDIUM,4.004
00:14,364,2,0.650,HIGH,8.095
00:14,364,2,0.612,MEDIUM,4.149
00:14,365,2,0.678,HIGH,7.597
00:14,365,2,0.538,MEDIUM,5.035
00:14,366,2,0.670,HIGH,8.024
00:14,366,2,0.554,MEDIUM,4.783
00:14,367,3,0.590,HIGH,7.622
00:14,367,3,0.490,MEDIUM,5.414
00:14,367,3,0.256,HIGH,10.991
00:14,368,2,0.546,MEDIUM,6.994
00:14,368,2,0.266,HIGH,10.093
00:14,369,4,0.554,MEDIUM,6.760
00:14,369,4,0.406,MEDIUM,6.559
00:14,369,4,0.276,HIGH,10.010
00:14,369,4,0.253,HIGH,12.353
00:14,370,4,0.484,HIGH,7.571
00:14,370,4,0.416,MEDIUM,4.262
00:14,370,4,0.340,HIGH,12.595
00:14,370,4,0.278,HIGH,11.450
00:14,371,3,0.428,HIGH,8.885
00:14,371,3,0.408,MEDIUM,3.833
00:14,371,3,0.288,MEDIUM,5.370
00:14,372,2,0.328,HIGH,8.385
00:14,372,2,0.300,MEDIUM,5.806
00:14,373,2,0.393,MEDIUM,5.171
00:14,373,2,0.319,HIGH,12.678
00:14,374,2,0.612,MEDIUM,3.910
00:14,374,2,0.253,HIGH,12.954
00:15,375,3,0.323,LOW,1.574
00:15,375,3,0.305,MEDIUM,3.913
00:15,375,3,0.255,HIGH,12.988
00:15,376,2,0.397,HIGH,12.038
00:15,376,2,0.330,MEDIUM,3.710
00:15,377,1,0.350,HIGH,12.586
00:15,382,1,0.489,HIGH,12.968
00:15,383,1,0.333,HIGH,14.054
00:15,384,1,0.275,LOW,1.926
00:15,386,1,0.280,HIGH,13.453
00:15,387,1,0.283,HIGH,11.106
00:15,388,1,0.251,HIGH,10.042
00:15,389,2,0.369,HIGH,10.147
00:15,389,2,0.368,HIGH,47.377
00:15,390,1,0.506,HIGH,9.907
00:15,391,1,0.390,HIGH,10.783
00:15,392,1,0.282,HIGH,10.242
00:15,393,2,0.418,HIGH,10.744
00:15,393,2,0.259,LOW,1.106
00:15,394,2,0.441,HIGH,10.651
00:15,394,2,0.260,LOW,1.245
00:15,395,2,0.420,HIGH,9.608
00:15,395,2,0.277,LOW,1.263
00:15,396,2,0.447,HIGH,10.412
00:15,396,2,0.289,LOW,1.274
00:15,397,1,0.390,HIGH,10.755
00:15,398,2,0.563,HIGH,13.332
00:15,398,2,0.296,LOW,1.040
00:15,399,2,0.420,HIGH,13.654
00:15,399,2,0.357,LOW,1.004
00:16,400,2,0.450,HIGH,13.490
00:16,400,2,0.277,LOW,1.165
00:16,401,2,0.478,HIGH,13.102
00:16,401,2,0.282,LOW,1.065
00:16,402,2,0.338,LOW,1.165
00:16,402,2,0.274,HIGH,13.910
00:16,403,2,0.503,HIGH,13.789
00:16,403,2,0.423,LOW,1.150
00:16,404,2,0.442,HIGH,13.657
00:16,404,2,0.389,LOW,1.251
00:16,405,2,0.499,LOW,1.367
00:16,405,2,0.344,HIGH,13.518
00:16,406,3,0.577,LOW,1.426
00:16,406,3,0.326,HIGH,12.951
00:16,406,3,0.254,HIGH,19.472
00:16,407,1,0.551,LOW,1.491
00:16,408,2,0.546,LOW,1.367
00:16,408,2,0.340,HIGH,12.746
00:16,409,2,0.570,LOW,1.455
00:16,409,2,0.312,LOW,1.208
00:16,410,2,0.585,LOW,1.585
00:16,410,2,0.362,HIGH,12.081
00:16,411,2,0.565,LOW,1.636
00:16,411,2,0.273,MEDIUM,4.778
00:16,412,3,0.569,LOW,1.668
00:16,412,3,0.386,HIGH,11.569
00:16,412,3,0.382,MEDIUM,4.616
00:16,413,3,0.673,LOW,1.713
00:16,413,3,0.388,HIGH,10.097
00:16,413,3,0.341,MEDIUM,4.585
00:16,414,5,0.642,LOW,1.649
00:16,414,5,0.450,MEDIUM,4.934
00:16,414,5,0.307,LOW,0.761
00:16,414,5,0.265,HIGH,10.798
00:16,414,5,0.261,HIGH,33.509
00:16,415,5,0.616,LOW,1.753
00:16,415,5,0.591,HIGH,12.413
00:16,415,5,0.481,MEDIUM,5.083
00:16,415,5,0.301,LOW,0.641
00:16,415,5,0.281,LOW,1.597
00:16,416,5,0.611,LOW,1.620
00:16,416,5,0.592,HIGH,12.213
00:16,416,5,0.442,MEDIUM,4.582
00:16,416,5,0.342,LOW,0.630
00:16,416,5,0.255,LOW,1.707
00:16,417,6,0.627,LOW,1.736
00:16,417,6,0.587,HIGH,10.742
00:16,417,6,0.425,MEDIUM,5.543
00:16,417,6,0.330,LOW,0.931
00:16,417,6,0.318,LOW,1.809
00:16,417,6,0.252,LOW,0.748
00:16,418,6,0.657,LOW,1.715
00:16,418,6,0.627,HIGH,12.584
00:16,418,6,0.492,MEDIUM,5.331
00:16,418,6,0.468,LOW,0.810
00:16,418,6,0.323,LOW,1.577
00:16,418,6,0.320,MEDIUM,2.573
00:16,419,5,0.665,HIGH,12.623
00:16,419,5,0.660,LOW,1.713
00:16,419,5,0.488,MEDIUM,5.686
00:16,419,5,0.379,LOW,0.954
00:16,419,5,0.288,LOW,1.714
00:16,420,7,0.690,LOW,1.857
00:16,420,7,0.651,HIGH,12.130
00:16,420,7,0.485,MEDIUM,5.403
00:16,420,7,0.460,LOW,0.688
00:16,420,7,0.415,LOW,0.807
00:16,420,7,0.337,LOW,1.621
00:16,420,7,0.266,MEDIUM,2.691
00:16,421,5,0.681,HIGH,11.875
00:16,421,5,0.652,LOW,1.978
00:16,421,5,0.532,MEDIUM,5.066
00:16,421,5,0.258,MEDIUM,2.014
00:16,421,5,0.255,LOW,0.699
00:16,422,5,0.656,MEDIUM,2.144
00:16,422,5,0.646,HIGH,11.491
00:16,422,5,0.588,MEDIUM,5.380
00:16,422,5,0.472,LOW,0.853
00:16,422,5,0.335,LOW,0.894
00:16,423,5,0.674,MEDIUM,2.158
00:16,423,5,0.631,MEDIUM,5.474
00:16,423,5,0.607,HIGH,11.505
00:16,423,5,0.505,LOW,0.782
00:16,423,5,0.278,LOW,1.941
00:16,424,5,0.657,MEDIUM,2.214
00:16,424,5,0.605,MEDIUM,5.381
00:16,424,5,0.549,HIGH,11.488
00:16,424,5,0.470,LOW,0.718
00:16,424,5,0.328,LOW,1.853
00:17,425,5,0.640,HIGH,12.895
00:17,425,5,0.614,MEDIUM,2.379
00:17,425,5,0.561,MEDIUM,6.122
00:17,425,5,0.306,LOW,1.927
00:17,425,5,0.283,LOW,0.950
00:17,426,4,0.637,MEDIUM,2.250
00:17,426,4,0.516,MEDIUM,5.774
00:17,426,4,0.511,HIGH,14.001
00:17,426,4,0.424,HIGH,20.031
00:17,427,5,0.634,MEDIUM,2.047
00:17,427,5,0.571,MEDIUM,5.277
00:17,427,5,0.550,HIGH,13.520
00:17,427,5,0.293,HIGH,20.231
00:17,427,5,0.264,LOW,1.054
00:17,428,4,0.610,HIGH,13.758
00:17,428,4,0.604,MEDIUM,2.815
00:17,428,4,0.374,MEDIUM,5.033
00:17,428,4,0.323,LOW,1.097
00:17,429,7,0.638,MEDIUM,2.255
00:17,429,7,0.415,MEDIUM,5.449
00:17,429,7,0.358,HIGH,24.848
00:17,429,7,0.350,MEDIUM,3.312
00:17,429,7,0.347,LOW,1.808
00:17,429,7,0.336,HIGH,14.576
00:17,429,7,0.317,LOW,1.072
00:17,430,5,0.620,MEDIUM,2.766
00:17,430,5,0.537,MEDIUM,5.143
00:17,430,5,0.508,HIGH,14.268
00:17,430,5,0.342,LOW,1.710
00:17,430,5,0.318,LOW,0.945
00:17,431,4,0.623,MEDIUM,2.740
00:17,431,4,0.563,MEDIUM,6.076
00:17,431,4,0.435,HIGH,14.731
00:17,431,4,0.313,LOW,1.717
00:17,432,5,0.594,MEDIUM,3.026
00:17,432,5,0.576,MEDIUM,6.633
00:17,432,5,0.481,HIGH,15.419
00:17,432,5,0.337,LOW,1.671
00:17,432,5,0.274,LOW,1.040
00:17,433,5,0.615,MEDIUM,2.999
00:17,433,5,0.562,MEDIUM,6.979
00:17,433,5,0.440,HIGH,16.665
00:17,433,5,0.336,LOW,1.359
00:17,433,5,0.272,LOW,0.971
00:17,434,5,0.634,MEDIUM,2.735
00:17,434,5,0.568,HIGH,18.379
00:17,434,5,0.539,MEDIUM,6.728
00:17,434,5,0.282,LOW,1.342
00:17,434,5,0.268,LOW,0.922
00:17,435,3,0.653,MEDIUM,3.383
00:17,435,3,0.582,HIGH,7.020
00:17,435,3,0.332,HIGH,21.292
00:17,436,4,0.634,MEDIUM,3.157
00:17,436,4,0.608,HIGH,7.048
00:17,436,4,0.331,LOW,1.238
00:17,436,4,0.315,HIGH,23.427
00:17,437,4,0.649,MEDIUM,3.232
00:17,437,4,0.636,HIGH,7.418
00:17,437,4,0.311,HIGH,21.479
00:17,437,4,0.297,LOW,1.265
00:17,438,3,0.638,MEDIUM,3.600
00:17,438,3,0.602,HIGH,8.088
00:17,438,3,0.284,LOW,1.192
00:17,439,2,0.710,MEDIUM,3.730
00:17,439,2,0.630,HIGH,8.173
00:17,440,5,0.677,MEDIUM,3.577
00:17,440,5,0.596,HIGH,8.166
00:17,440,5,0.337,LOW,1.160
00:17,440,5,0.271,LOW,0.780
00:17,440,5,0.271,HIGH,21.248
00:17,441,4,0.708,MEDIUM,3.652
00:17,441,4,0.644,HIGH,7.902
00:17,441,4,0.487,LOW,0.891
00:17,441,4,0.254,HIGH,21.077
00:17,442,4,0.695,MEDIUM,3.966
00:17,442,4,0.550,HIGH,8.811
00:17,442,4,0.466,HIGH,24.861
00:17,442,4,0.380,LOW,1.005
00:17,443,4,0.684,MEDIUM,4.062
00:17,443,4,0.559,HIGH,7.978
00:17,443,4,0.499,HIGH,26.123
00:17,443,4,0.306,LOW,1.283
00:17,444,5,0.720,MEDIUM,3.925
00:17,444,5,0.534,HIGH,8.507
00:17,444,5,0.496,LOW,1.736
00:17,444,5,0.439,HIGH,26.778
00:17,444,5,0.370,LOW,1.282
00:17,445,5,0.772,MEDIUM,4.375
00:17,445,5,0.484,HIGH,10.377
00:17,445,5,0.475,HIGH,30.413
00:17,445,5,0.458,MEDIUM,2.422
00:17,445,5,0.313,LOW,1.143
00:17,446,7,0.715,MEDIUM,4.355
00:17,446,7,0.509,HIGH,10.323
00:17,446,7,0.503,MEDIUM,2.462
00:17,446,7,0.497,HIGH,29.424
00:17,446,7,0.367,LOW,0.930
00:17,446,7,0.336,HIGH,33.622
00:17,446,7,0.284,LOW,1.365
00:17,447,5,0.694,MEDIUM,4.319
00:17,447,5,0.590,MEDIUM,2.082
00:17,447,5,0.554,HIGH,34.215
00:17,447,5,0.532,HIGH,9.867
00:17,447,5,0.382,LOW,1.114
00:17,448,6,0.730,MEDIUM,4.469
00:17,448,6,0.642,HIGH,29.789
00:17,448,6,0.612,MEDIUM,3.074
00:17,448,6,0.529,HIGH,9.905
00:17,448,6,0.393,HIGH,37.741
00:17,448,6,0.313,LOW,1.340
00:17,449,5,0.698,MEDIUM,4.155
00:17,449,5,0.634,MEDIUM,3.205
00:17,449,5,0.602,HIGH,32.289
00:17,449,5,0.508,HIGH,9.604
00:17,449,5,0.310,LOW,1.097
00:18,450,5,0.649,MEDIUM,4.301
00:18,450,5,0.631,HIGH,35.834
00:18,450,5,0.572,MEDIUM,2.753
00:18,450,5,0.509,HIGH,10.283
00:18,450,5,0.286,LOW,1.043
00:18,451,5,0.678,MEDIUM,4.494
00:18,451,5,0.652,MEDIUM,3.249
00:18,451,5,0.553,HIGH,35.389
00:18,451,5,0.486,HIGH,10.774
00:18,451,5,0.407,LOW,1.073
00:18,452,5,0.718,MEDIUM,4.448
00:18,452,5,0.661,MEDIUM,3.408
00:18,452,5,0.596,HIGH,39.469
00:18,452,5,0.500,HIGH,10.258
00:18,452,5,0.421,LOW,1.265
00:18,453,5,0.717,MEDIUM,4.151
00:18,453,5,0.663,MEDIUM,3.171
00:18,453,5,0.623,HIGH,43.154
00:18,453,5,0.549,HIGH,11.330
00:18,453,5,0.369,LOW,1.316
00:18,454,5,0.641,MEDIUM,4.470
00:18,454,5,0.564,MEDIUM,3.205
00:18,454,5,0.550,HIGH,43.413
00:18,454,5,0.507,HIGH,11.344
00:18,454,5,0.314,LOW,1.204
00:18,455,5,0.749,HIGH,46.882
00:18,455,5,0.707,MEDIUM,4.505
00:18,455,5,0.619,MEDIUM,3.719
00:18,455,5,0.470,HIGH,11.905
00:18,455,5,0.311,MEDIUM,5.568
00:18,456,4,0.747,MEDIUM,4.618
00:18,456,4,0.706,MEDIUM,3.825
00:18,456,4,0.653,HIGH,47.347
00:18,456,4,0.425,HIGH,12.378
00:18,457,6,0.696,MEDIUM,3.389
00:18,457,6,0.685,MEDIUM,4.628
00:18,457,6,0.530,HIGH,47.682
00:18,457,6,0.491,HIGH,12.177
00:18,457,6,0.351,LOW,1.328
00:18,457,6,0.259,HIGH,31.139
00:18,458,4,0.738,MEDIUM,4.685
00:18,458,4,0.585,HIGH,45.860
00:18,458,4,0.553,HIGH,12.353
00:18,458,4,0.284,MEDIUM,3.593
00:18,459,4,0.750,MEDIUM,5.006
00:18,459,4,0.587,HIGH,12.771
00:18,459,4,0.576,HIGH,46.180
00:18,459,4,0.295,HIGH,37.168
00:18,460,4,0.734,MEDIUM,4.683
00:18,460,4,0.584,HIGH,45.218
00:18,460,4,0.522,HIGH,12.407
00:18,460,4,0.479,LOW,1.399
00:18,461,6,0.748,MEDIUM,4.878
00:18,461,6,0.537,LOW,1.570
00:18,461,6,0.510,HIGH,42.538
00:18,461,6,0.489,HIGH,12.361
00:18,461,6,0.319,HIGH,31.668
00:18,461,6,0.251,LOW,1.641
00:18,462,5,0.711,MEDIUM,5.280
00:18,462,5,0.506,HIGH,37.641
00:18,462,5,0.447,HIGH,11.394
00:18,462,5,0.438,LOW,1.895
00:18,462,5,0.428,LOW,1.815
00:18,463,5,0.579,MEDIUM,5.364
00:18,463,5,0.469,HIGH,11.993
00:18,463,5,0.408,LOW,1.867
00:18,463,5,0.407,LOW,1.672
00:18,463,5,0.361,HIGH,38.309
00:18,464,7,0.539,MEDIUM,5.740
00:18,464,7,0.481,HIGH,33.704
00:18,464,7,0.427,MEDIUM,2.120
00:18,464,7,0.383,LOW,1.718
00:18,464,7,0.349,HIGH,24.283
00:18,464,7,0.319,HIGH,12.367
00:18,464,7,0.256,LOW,1.266
00:18,465,8,0.432,HIGH,38.415
00:18,465,8,0.398,MEDIUM,3.050
00:18,465,8,0.396,HIGH,24.881
00:18,465,8,0.374,LOW,1.905
00:18,465,8,0.352,LOW,1.851
00:18,465,8,0.342,HIGH,12.884
00:18,465,8,0.295,LOW,1.009
00:18,465,8,0.295,MEDIUM,4.525
00:18,466,8,0.481,MEDIUM,2.224
00:18,466,8,0.449,HIGH,12.571
00:18,466,8,0.410,MEDIUM,5.547
00:18,466,8,0.347,HIGH,40.679
00:18,466,8,0.311,HIGH,26.694
00:18,466,8,0.299,LOW,1.782
00:18,466,8,0.272,MEDIUM,2.522
00:18,466,8,0.254,LOW,0.961
00:18,467,6,0.530,HIGH,12.607
00:18,467,6,0.465,MEDIUM,2.221
00:18,467,6,0.378,MEDIUM,2.301
00:18,467,6,0.363,HIGH,19.216
00:18,467,6,0.314,LOW,1.000
00:18,467,6,0.277,LOW,1.783
00:18,468,3,0.562,HIGH,12.526
00:18,468,3,0.494,MEDIUM,2.119
00:18,468,3,0.290,LOW,1.731
00:18,469,5,0.571,HIGH,9.669
00:18,469,5,0.450,MEDIUM,2.206
00:18,469,5,0.414,HIGH,45.278
00:18,469,5,0.327,LOW,1.234
00:18,469,5,0.305,MEDIUM,2.096
00:18,470,3,0.540,HIGH,12.211
00:18,470,3,0.476,MEDIUM,2.231
00:18,470,3,0.389,MEDIUM,2.194
00:18,471,4,0.569,HIGH,12.634
00:18,471,4,0.505,MEDIUM,2.483
00:18,471,4,0.362,MEDIUM,2.116
00:18,471,4,0.258,HIGH,8.655
00:18,472,3,0.600,HIGH,11.564
00:18,472,3,0.516,MEDIUM,2.764
00:18,472,3,0.456,LOW,1.909
00:18,473,5,0.600,HIGH,13.005
00:18,473,5,0.523,MEDIUM,3.044
00:18,473,5,0.482,HIGH,8.907
00:18,473,5,0.378,LOW,1.806
00:18,473,5,0.285,HIGH,9.323
00:18,474,5,0.613,HIGH,13.225
00:18,474,5,0.529,MEDIUM,2.915
00:18,474,5,0.430,HIGH,8.938
00:18,474,5,0.322,MEDIUM,2.002
00:18,474,5,0.284,LOW,1.875
00:19,475,5,0.590,MEDIUM,3.272
00:19,475,5,0.546,HIGH,12.276
00:19,475,5,0.458,MEDIUM,2.192
00:19,475,5,0.293,HIGH,8.952
00:19,475,5,0.286,LOW,0.569
00:19,476,4,0.565,MEDIUM,3.159
00:19,476,4,0.555,MEDIUM,2.182
00:19,476,4,0.528,HIGH,12.412
00:19,476,4,0.291,LOW,1.704
00:19,477,6,0.612,MEDIUM,3.315
00:19,477,6,0.475,HIGH,12.621
00:19,477,6,0.447,MEDIUM,2.104
00:19,477,6,0.390,HIGH,8.764
00:19,477,6,0.361,LOW,1.648
00:19,477,6,0.272,LOW,0.485
00:19,478,5,0.640,MEDIUM,3.409
00:19,478,5,0.468,HIGH,15.802
00:19,478,5,0.335,LOW,1.792
00:19,478,5,0.310,LOW,1.971
00:19,478,5,0.288,LOW,0.431
00:19,479,5,0.699,MEDIUM,4.086
00:19,479,5,0.524,HIGH,9.868
00:19,479,5,0.421,LOW,1.751
00:19,479,5,0.335,LOW,1.833
00:19,479,5,0.284,LOW,0.359
00:19,480,3,0.752,MEDIUM,3.787
00:19,480,3,0.582,HIGH,9.861
00:19,480,3,0.419,LOW,1.827
00:19,481,4,0.734,MEDIUM,3.616
00:19,481,4,0.570,HIGH,12.719
00:19,481,4,0.465,LOW,1.928
00:19,481,4,0.311,MEDIUM,2.247
00:19,482,3,0.770,MEDIUM,4.515
00:19,482,3,0.584,LOW,1.999
00:19,482,3,0.567,HIGH,11.953
00:19,483,4,0.774,MEDIUM,4.568
00:19,483,4,0.620,HIGH,14.275
00:19,483,4,0.619,LOW,1.959
00:19,483,4,0.294,MEDIUM,2.218
00:19,484,4,0.804,MEDIUM,5.432
00:19,484,4,0.561,LOW,1.913
00:19,484,4,0.559,HIGH,12.546
00:19,484,4,0.454,MEDIUM,2.226
00:19,485,6,0.776,MEDIUM,6.110
00:19,485,6,0.592,MEDIUM,2.271
00:19,485,6,0.527,HIGH,12.470
00:19,485,6,0.446,HIGH,13.689
00:19,485,6,0.318,MEDIUM,2.481
00:19,485,6,0.276,HIGH,7.997
00:19,486,6,0.777,MEDIUM,5.857
00:19,486,6,0.591,MEDIUM,2.409
00:19,486,6,0.542,HIGH,11.663
00:19,486,6,0.491,HIGH,13.723
00:19,486,6,0.426,HIGH,8.088
00:19,486,6,0.260,MEDIUM,2.019
00:19,487,5,0.765,HIGH,7.383
00:19,487,5,0.622,MEDIUM,2.453
00:19,487,5,0.542,HIGH,13.670
00:19,487,5,0.473,HIGH,13.925
00:19,487,5,0.421,HIGH,9.039
00:19,488,5,0.745,HIGH,7.121
00:19,488,5,0.611,MEDIUM,2.934
00:19,488,5,0.540,HIGH,13.526
00:19,488,5,0.515,HIGH,13.310
00:19,488,5,0.252,HIGH,8.439
00:19,489,5,0.750,HIGH,7.070
00:19,489,5,0.636,HIGH,12.870
00:19,489,5,0.630,MEDIUM,2.850
00:19,489,5,0.534,HIGH,13.038
00:19,489,5,0.307,HIGH,8.730
00:19,490,5,0.674,MEDIUM,6.441
00:19,490,5,0.619,HIGH,12.790
00:19,490,5,0.581,MEDIUM,3.124
00:19,490,5,0.450,HIGH,12.216
00:19,490,5,0.407,HIGH,7.894
00:19,491,5,0.631,HIGH,13.324
00:19,491,5,0.528,MEDIUM,5.826
00:19,491,5,0.448,MEDIUM,3.075
00:19,491,5,0.365,HIGH,12.234
00:19,491,5,0.310,HIGH,8.269
00:19,492,4,0.620,MEDIUM,3.175
00:19,492,4,0.602,HIGH,14.233
00:19,492,4,0.399,HIGH,8.842
00:19,492,4,0.387,MEDIUM,5.131
00:19,493,3,0.651,MEDIUM,3.505
00:19,493,3,0.591,HIGH,14.062
00:19,493,3,0.325,MEDIUM,5.233
00:19,494,3,0.655,MEDIUM,3.914
00:19,494,3,0.584,HIGH,14.415
00:19,494,3,0.489,MEDIUM,4.783
00:19,495,3,0.620,MEDIUM,5.320
00:19,495,3,0.403,MEDIUM,4.209
00:19,495,3,0.371,HIGH,13.688
00:19,496,3,0.532,MEDIUM,5.591
00:19,496,3,0.277,HIGH,15.096
00:19,496,3,0.250,HIGH,8.073
00:19,497,2,0.538,MEDIUM,5.169
00:19,497,2,0.280,HIGH,7.473
00:19,498,1,0.440,MEDIUM,6.845
00:19,499,1,0.457,MEDIUM,6.357
00:20,500,1,0.419,HIGH,13.999
00:20,501,2,0.476,HIGH,14.077
00:20,501,2,0.269,HIGH,7.741
00:20,502,1,0.540,HIGH,17.303
00:20,503,1,0.505,HIGH,16.931
00:20,504,1,0.430,HIGH,15.602
00:20,505,1,0.322,HIGH,20.219
00:20,507,1,0.420,MEDIUM,4.808
00:20,508,1,0.547,MEDIUM,4.420
00:20,509,1,0.569,MEDIUM,5.824
00:20,510,1,0.585,MEDIUM,6.518
00:20,511,1,0.624,MEDIUM,5.158
00:20,512,3,0.584,MEDIUM,5.562
00:20,512,3,0.302,HIGH,8.707
00:20,512,3,0.275,HIGH,13.818
00:20,513,2,0.458,MEDIUM,6.270
00:20,513,2,0.415,HIGH,13.771
00:20,514,2,0.721,MEDIUM,6.393
00:20,514,2,0.333,HIGH,12.968
00:20,515,3,0.598,HIGH,7.645
00:20,515,3,0.421,HIGH,11.036
00:20,515,3,0.261,LOW,1.564
00:20,516,1,0.544,HIGH,7.421
00:20,517,2,0.345,LOW,1.636
00:20,517,2,0.295,HIGH,9.418
00:20,518,1,0.316,HIGH,12.177
00:20,519,2,0.343,LOW,1.689
00:20,519,2,0.274,HIGH,10.603
00:20,520,1,0.303,LOW,1.926
00:20,521,1,0.530,HIGH,12.463
00:20,522,2,0.549,HIGH,10.967
00:20,522,2,0.323,MEDIUM,2.111
00:20,523,2,0.615,HIGH,10.395
00:20,523,2,0.286,LOW,1.373
00:20,524,1,0.649,HIGH,12.609
00:21,525,1,0.633,HIGH,12.269
00:21,526,2,0.614,HIGH,11.986
00:21,526,2,0.327,MEDIUM,2.691
00:21,527,2,0.663,HIGH,11.861
00:21,527,2,0.363,MEDIUM,2.807
00:21,528,1,0.659,HIGH,10.949
00:21,529,1,0.623,HIGH,11.118
00:21,530,1,0.611,HIGH,10.585
00:21,531,1,0.653,HIGH,10.970
00:21,532,1,0.558,HIGH,11.215
00:21,533,1,0.502,HIGH,11.123
00:21,534,1,0.423,HIGH,11.797
00:21,538,1,0.399,HIGH,11.535
00:21,539,1,0.461,HIGH,12.714
00:21,540,1,0.550,HIGH,12.943
00:21,541,1,0.621,HIGH,12.698
00:21,542,1,0.641,HIGH,12.881
00:21,543,1,0.621,HIGH,10.500
00:21,544,1,0.630,HIGH,12.421
00:21,545,1,0.510,HIGH,13.166
00:21,546,2,0.523,HIGH,14.643
00:21,546,2,0.326,HIGH,10.282
00:21,547,2,0.556,HIGH,16.484
00:21,547,2,0.328,HIGH,8.468
00:21,548,1,0.427,HIGH,13.410
00:21,549,3,0.444,HIGH,17.446
00:21,549,3,0.255,HIGH,9.888
00:21,549,3,0.251,MEDIUM,3.822
00:22,550,2,0.384,HIGH,13.159
00:22,550,2,0.314,MEDIUM,3.539
00:22,551,1,0.263,HIGH,11.614
00:22,554,1,0.297,MEDIUM,4.463
00:22,555,1,0.323,MEDIUM,2.081
00:22,556,1,0.258,HIGH,11.864
00:22,557,1,0.436,MEDIUM,4.626
00:22,558,1,0.332,MEDIUM,5.344
00:22,559,1,0.302,HIGH,11.949
00:22,560,1,0.487,HIGH,11.655
00:22,561,2,0.513,HIGH,11.800
00:22,561,2,0.383,MEDIUM,5.191
00:22,562,1,0.408,MEDIUM,5.819
00:22,563,1,0.324,MEDIUM,5.825
00:22,564,2,0.563,MEDIUM,6.087
00:22,564,2,0.257,HIGH,13.282
00:22,565,1,0.456,MEDIUM,6.268
00:22,566,1,0.504,MEDIUM,6.119
00:22,567,1,0.435,MEDIUM,6.552
00:22,568,1,0.409,MEDIUM,5.945
00:22,569,2,0.310,HIGH,10.852
00:22,569,2,0.308,MEDIUM,6.615
00:22,570,2,0.446,HIGH,13.279
00:22,570,2,0.298,MEDIUM,6.538
00:22,571,2,0.552,HIGH,13.531
00:22,571,2,0.254,MEDIUM,6.989
00:22,572,2,0.447,HIGH,12.963
00:22,572,2,0.345,MEDIUM,5.934
00:22,573,2,0.468,MEDIUM,6.215
00:22,573,2,0.374,HIGH,12.373
00:22,574,2,0.443,MEDIUM,4.452
00:22,574,2,0.285,HIGH,12.743
00:23,575,2,0.433,MEDIUM,4.820
00:23,575,2,0.330,HIGH,13.046
00:23,576,4,0.382,MEDIUM,6.431
00:23,576,4,0.334,HIGH,14.867
00:23,576,4,0.329,MEDIUM,4.427
00:23,576,4,0.261,LOW,0.627
00:23,577,3,0.460,MEDIUM,5.182
00:23,577,3,0.390,HIGH,14.742
00:23,577,3,0.256,LOW,0.625
00:23,578,3,0.470,MEDIUM,5.136
00:23,578,3,0.364,HIGH,16.952
00:23,578,3,0.318,HIGH,40.270
00:23,579,4,0.483,MEDIUM,5.114
00:23,579,4,0.385,HIGH,16.755
00:23,579,4,0.341,HIGH,9.317
00:23,579,4,0.336,HIGH,39.195
00:23,580,4,0.482,MEDIUM,4.473
00:23,580,4,0.388,HIGH,35.274
00:23,580,4,0.378,HIGH,17.380
00:23,580,4,0.300,HIGH,10.074
00:23,581,4,0.468,MEDIUM,3.701
00:23,581,4,0.383,HIGH,34.046
00:23,581,4,0.306,HIGH,23.944
00:23,581,4,0.288,HIGH,8.677
00:23,582,3,0.431,MEDIUM,3.541
00:23,582,3,0.403,HIGH,10.223
00:23,582,3,0.266,LOW,0.793
00:23,583,4,0.389,MEDIUM,4.232
00:23,583,4,0.375,HIGH,10.590
00:23,583,4,0.286,MEDIUM,3.004
00:23,583,4,0.284,LOW,0.852
00:23,584,4,0.417,MEDIUM,3.156
00:23,584,4,0.401,HIGH,8.557
00:23,584,4,0.318,MEDIUM,4.528
00:23,584,4,0.284,LOW,0.680
00:23,585,4,0.433,MEDIUM,3.293
00:23,585,4,0.417,HIGH,10.585
00:23,585,4,0.317,LOW,0.694
00:23,585,4,0.266,MEDIUM,4.790
00:23,586,2,0.489,MEDIUM,3.477
00:23,586,2,0.317,LOW,0.724
00:23,587,2,0.446,MEDIUM,3.651
00:23,587,2,0.292,LOW,0.855
00:23,588,3,0.511,MEDIUM,3.197
00:23,588,3,0.394,MEDIUM,4.153
00:23,588,3,0.306,LOW,0.694
00:23,589,1,0.494,MEDIUM,3.061
00:23,590,2,0.550,MEDIUM,2.815
00:23,590,2,0.251,MEDIUM,4.054
00:23,591,1,0.564,MEDIUM,2.784
00:23,592,3,0.379,MEDIUM,2.737
00:23,592,3,0.295,HIGH,13.294
00:23,592,3,0.273,LOW,1.085
00:23,593,3,0.554,HIGH,13.290
00:23,593,3,0.324,MEDIUM,3.203
00:23,593,3,0.259,LOW,1.036
00:23,594,2,0.600,HIGH,12.611
00:23,594,2,0.408,LOW,1.024
00:23,595,3,0.519,HIGH,14.934
00:23,595,3,0.503,LOW,1.156
00:23,595,3,0.292,MEDIUM,2.001
00:23,596,2,0.616,HIGH,14.297
00:23,596,2,0.415,LOW,1.185
00:23,597,3,0.521,HIGH,16.089
00:23,597,3,0.379,LOW,1.031
00:23,597,3,0.253,HIGH,29.815
00:23,598,3,0.415,LOW,0.965
00:23,598,3,0.332,HIGH,16.300
00:23,598,3,0.294,HIGH,32.703
00:23,599,3,0.501,LOW,0.930
00:23,599,3,0.355,HIGH,10.667
00:23,599,3,0.337,HIGH,15.171
00:24,600,2,0.438,HIGH,10.855
00:24,600,2,0.430,LOW,0.958
00:24,601,5,0.502,LOW,0.903
00:24,601,5,0.338,HIGH,10.079
00:24,601,5,0.303,LOW,1.028
00:24,601,5,0.291,HIGH,16.511
00:24,601,5,0.273,HIGH,33.444
00:24,602,3,0.501,HIGH,8.578
00:24,602,3,0.488,LOW,0.853
00:24,602,3,0.315,LOW,1.242
00:24,603,5,0.483,LOW,0.953
00:24,603,5,0.424,HIGH,51.511
00:24,603,5,0.417,HIGH,9.625
00:24,603,5,0.269,LOW,0.955
00:24,603,5,0.258,HIGH,30.060
00:24,604,5,0.512,HIGH,49.995
00:24,604,5,0.466,LOW,0.989
00:24,604,5,0.314,HIGH,10.236
00:24,604,5,0.313,HIGH,29.232
00:24,604,5,0.260,LOW,1.227
00:24,605,3,0.477,HIGH,9.797
00:24,605,3,0.470,LOW,1.121
00:24,605,3,0.290,HIGH,56.081
00:24,606,3,0.436,LOW,1.093
00:24,606,3,0.390,HIGH,9.478
00:24,606,3,0.388,HIGH,55.745
00:24,607,2,0.645,HIGH,53.331
00:24,607,2,0.522,LOW,1.164
00:24,608,3,0.535,LOW,1.372
00:24,608,3,0.309,HIGH,54.300
00:24,608,3,0.250,LOW,0.931
00:24,609,3,0.415,LOW,1.080
00:24,609,3,0.340,LOW,1.961
00:24,609,3,0.250,LOW,1.139
00:24,610,4,0.572,MEDIUM,2.049
00:24,610,4,0.539,LOW,1.185
00:24,610,4,0.463,LOW,0.801
00:24,610,4,0.279,LOW,1.113
00:24,611,5,0.635,MEDIUM,2.111
00:24,611,5,0.526,LOW,1.282
00:24,611,5,0.387,MEDIUM,4.484
00:24,611,5,0.293,LOW,0.797
00:24,611,5,0.252,LOW,1.082
00:24,612,4,0.532,LOW,1.231
00:24,612,4,0.459,MEDIUM,2.292
00:24,612,4,0.354,LOW,0.922
00:24,612,4,0.286,HIGH,12.637
00:24,613,3,0.596,MEDIUM,2.801
00:24,613,3,0.521,LOW,1.267
00:24,613,3,0.380,LOW,0.962
00:24,614,5,0.561,LOW,1.186
00:24,614,5,0.530,LOW,1.930
00:24,614,5,0.456,MEDIUM,3.110
00:24,614,5,0.395,LOW,1.028
00:24,614,5,0.291,LOW,1.087
00:24,615,5,0.660,LOW,1.888
00:24,615,5,0.503,LOW,1.543
00:24,615,5,0.448,HIGH,8.203
00:24,615,5,0.364,LOW,1.078
00:24,615,5,0.324,LOW,0.926
00:24,616,7,0.671,MEDIUM,2.128
00:24,616,7,0.487,LOW,1.517
00:24,616,7,0.399,HIGH,7.914
00:24,616,7,0.396,HIGH,15.998
00:24,616,7,0.367,HIGH,10.759
00:24,616,7,0.333,LOW,1.039
00:24,616,7,0.288,LOW,0.984
00:24,617,6,0.636,MEDIUM,2.160
00:24,617,6,0.524,LOW,1.333
00:24,617,6,0.486,HIGH,16.243
00:24,617,6,0.434,LOW,0.992
00:24,617,6,0.341,HIGH,8.257
00:24,617,6,0.321,LOW,1.069
00:24,618,4,0.555,LOW,1.141
00:24,618,4,0.546,MEDIUM,2.568
00:24,618,4,0.467,HIGH,14.486
00:24,618,4,0.286,LOW,1.197
00:24,619,4,0.596,MEDIUM,2.394
00:24,619,4,0.577,LOW,1.174
00:24,619,4,0.430,LOW,1.215
00:24,619,4,0.398,HIGH,14.121
00:24,620,6,0.701,MEDIUM,2.491
00:24,620,6,0.587,LOW,1.261
00:24,620,6,0.475,HIGH,12.677
00:24,620,6,0.374,LOW,1.350
00:24,620,6,0.283,LOW,1.348
00:24,620,6,0.265,LOW,1.834
00:24,621,7,0.640,MEDIUM,2.480
00:24,621,7,0.600,LOW,1.389
00:24,621,7,0.459,HIGH,13.933
00:24,621,7,0.376,LOW,1.191
00:24,621,7,0.288,MEDIUM,3.612
00:24,621,7,0.279,LOW,0.933
00:24,621,7,0.259,LOW,1.419
00:24,622,7,0.685,MEDIUM,2.830
00:24,622,7,0.554,HIGH,13.412
00:24,622,7,0.536,LOW,1.510
00:24,622,7,0.487,LOW,1.064
00:24,622,7,0.416,LOW,1.092
00:24,622,7,0.294,LOW,1.027
00:24,622,7,0.256,LOW,1.508
00:24,623,6,0.682,MEDIUM,3.010
00:24,623,6,0.531,HIGH,12.764
00:24,623,6,0.522,LOW,1.522
00:24,623,6,0.481,LOW,1.269
00:24,623,6,0.469,LOW,1.163
00:24,623,6,0.251,LOW,1.023
00:24,624,7,0.719,MEDIUM,3.353
00:24,624,7,0.485,LOW,1.448
00:24,624,7,0.404,LOW,1.275
00:24,624,7,0.370,LOW,1.037
00:24,624,7,0.357,MEDIUM,4.979
00:24,624,7,0.271,MEDIUM,2.069
00:24,624,7,0.256,HIGH,12.235
00:25,625,7,0.612,MEDIUM,4.688
00:25,625,7,0.548,LOW,1.691
00:25,625,7,0.508,HIGH,11.322
00:25,625,7,0.397,LOW,1.037
00:25,625,7,0.373,LOW,1.404
00:25,625,7,0.356,HIGH,11.535
00:25,625,7,0.338,MEDIUM,3.510
00:25,626,7,0.591,LOW,1.706
00:25,626,7,0.572,HIGH,11.890
00:25,626,7,0.526,MEDIUM,4.356
00:25,626,7,0.449,LOW,1.276
00:25,626,7,0.395,LOW,1.109
00:25,626,7,0.394,HIGH,10.659
00:25,626,7,0.259,MEDIUM,3.857
00:25,627,7,0.600,HIGH,12.317
00:25,627,7,0.528,LOW,1.516
00:25,627,7,0.420,HIGH,9.685
00:25,627,7,0.363,LOW,1.123
00:25,627,7,0.339,LOW,1.033
00:25,627,7,0.310,MEDIUM,6.105
00:25,627,7,0.269,HIGH,17.908
00:25,628,3,0.579,HIGH,13.608
00:25,628,3,0.338,MEDIUM,2.059
00:25,628,3,0.273,LOW,1.305
00:25,629,4,0.440,LOW,1.629
00:25,629,4,0.435,HIGH,13.654
00:25,629,4,0.383,LOW,1.198
00:25,629,4,0.273,LOW,1.505
00:25,630,3,0.463,HIGH,13.564
00:25,630,3,0.419,LOW,1.727
00:25,630,3,0.416,LOW,1.137
00:25,631,3,0.440,LOW,1.909
00:25,631,3,0.428,HIGH,13.881
00:25,631,3,0.285,MEDIUM,2.674
00:25,632,4,0.477,HIGH,11.466
00:25,632,4,0.363,MEDIUM,2.527
00:25,632,4,0.291,LOW,1.476
00:25,632,4,0.272,HIGH,19.379
00:25,633,5,0.468,MEDIUM,2.030
00:25,633,5,0.447,HIGH,11.056
00:25,633,5,0.337,LOW,1.642
00:25,633,5,0.330,HIGH,19.162
00:25,633,5,0.291,LOW,1.509
00:25,634,5,0.536,LOW,1.932
00:25,634,5,0.418,HIGH,10.152
00:25,634,5,0.387,LOW,1.579
00:25,634,5,0.307,LOW,1.818
00:25,634,5,0.298,HIGH,18.042
00:25,635,5,0.526,MEDIUM,2.231
00:25,635,5,0.498,HIGH,10.494
00:25,635,5,0.458,LOW,1.972
00:25,635,5,0.457,HIGH,7.929
00:25,635,5,0.410,LOW,1.688
00:25,636,4,0.554,MEDIUM,2.183
00:25,636,4,0.441,LOW,1.575
00:25,636,4,0.438,HIGH,8.277
00:25,636,4,0.409,LOW,1.875
00:25,637,5,0.518,HIGH,8.107
00:25,637,5,0.510,MEDIUM,2.054
00:25,637,5,0.482,MEDIUM,2.409
00:25,637,5,0.414,LOW,1.411
00:25,637,5,0.270,HIGH,12.020
00:25,638,4,0.506,HIGH,8.087
00:25,638,4,0.465,MEDIUM,2.598
00:25,638,4,0.389,LOW,1.909
00:25,638,4,0.379,LOW,1.846
00:25,639,4,0.526,HIGH,7.806
00:25,639,4,0.520,MEDIUM,2.713
00:25,639,4,0.488,LOW,1.840
00:25,639,4,0.405,MEDIUM,2.056
00:25,640,4,0.579,MEDIUM,2.641
00:25,640,4,0.435,MEDIUM,2.003
00:25,640,4,0.401,LOW,1.948
00:25,640,4,0.368,HIGH,11.264
00:25,641,3,0.608,MEDIUM,2.277
00:25,641,3,0.565,MEDIUM,2.724
00:25,641,3,0.500,HIGH,11.448
00:25,642,4,0.612,MEDIUM,2.731
00:25,642,4,0.602,HIGH,11.776
00:25,642,4,0.581,MEDIUM,3.342
00:25,642,4,0.305,MEDIUM,2.566
00:25,643,5,0.584,HIGH,12.512
00:25,643,5,0.563,MEDIUM,2.471
00:25,643,5,0.552,MEDIUM,3.168
00:25,643,5,0.269,LOW,1.583
00:25,643,5,0.261,MEDIUM,2.128
00:25,644,5,0.588,MEDIUM,3.258
00:25,644,5,0.480,MEDIUM,2.681
00:25,644,5,0.432,HIGH,12.160
00:25,644,5,0.313,MEDIUM,2.470
00:25,644,5,0.253,MEDIUM,4.429
00:25,645,3,0.689,MEDIUM,3.254
00:25,645,3,0.606,MEDIUM,2.579
00:25,645,3,0.407,HIGH,13.040
00:25,646,3,0.656,MEDIUM,3.385
00:25,646,3,0.581,MEDIUM,2.817
00:25,646,3,0.423,HIGH,12.725
00:25,647,4,0.669,MEDIUM,3.597
00:25,647,4,0.658,MEDIUM,2.450
00:25,647,4,0.465,HIGH,13.008
00:25,647,4,0.289,MEDIUM,2.102
00:25,648,3,0.629,MEDIUM,3.523
00:25,648,3,0.453,HIGH,13.656
00:25,648,3,0.439,MEDIUM,2.365
00:25,649,5,0.637,MEDIUM,3.228
00:25,649,5,0.534,MEDIUM,2.380
00:25,649,5,0.447,HIGH,13.463
00:25,649,5,0.347,MEDIUM,2.934
00:25,649,5,0.316,HIGH,19.926
00:26,650,6,0.622,MEDIUM,3.363
00:26,650,6,0.410,HIGH,13.418
00:26,650,6,0.370,HIGH,20.044
00:26,650,6,0.352,MEDIUM,2.526
00:26,650,6,0.281,LOW,1.748
00:26,650,6,0.265,MEDIUM,3.654
00:26,651,5,0.655,MEDIUM,3.287
00:26,651,5,0.480,HIGH,19.264
00:26,651,5,0.398,HIGH,13.263
00:26,651,5,0.370,MEDIUM,3.536
00:26,651,5,0.313,MEDIUM,2.352
00:26,652,5,0.607,MEDIUM,4.230
00:26,652,5,0.597,MEDIUM,3.333
00:26,652,5,0.399,HIGH,10.511
00:26,652,5,0.321,MEDIUM,2.044
00:26,652,5,0.261,HIGH,16.681
00:26,653,5,0.571,MEDIUM,4.608
00:26,653,5,0.563,MEDIUM,3.353
00:26,653,5,0.381,HIGH,10.868
00:26,653,5,0.318,HIGH,17.006
00:26,653,5,0.286,LOW,1.820
00:26,654,4,0.631,MEDIUM,2.720
00:26,654,4,0.589,MEDIUM,4.875
00:26,654,4,0.367,HIGH,10.788
00:26,654,4,0.286,LOW,1.790
00:26,655,3,0.588,MEDIUM,3.246
00:26,655,3,0.326,MEDIUM,5.930
00:26,655,3,0.295,LOW,1.801
00:26,656,4,0.616,MEDIUM,2.805
00:26,656,4,0.329,HIGH,10.177
00:26,656,4,0.327,LOW,1.830
00:26,656,4,0.264,HIGH,8.314
00:26,657,2,0.600,MEDIUM,3.118
00:26,657,2,0.335,HIGH,10.935
00:26,658,4,0.572,MEDIUM,2.594
00:26,658,4,0.441,HIGH,11.531
00:26,658,4,0.357,HIGH,8.624
00:26,658,4,0.268,HIGH,12.018
00:26,659,2,0.586,MEDIUM,2.112
00:26,659,2,0.492,HIGH,9.225
00:26,660,3,0.534,MEDIUM,2.090
00:26,660,3,0.503,HIGH,11.557
00:26,660,3,0.261,MEDIUM,3.392
00:26,661,2,0.528,MEDIUM,2.007
00:26,661,2,0.490,MEDIUM,6.936
00:26,662,4,0.476,HIGH,7.508
00:26,662,4,0.278,LOW,0.658
00:26,662,4,0.272,MEDIUM,2.498
00:26,662,4,0.264,HIGH,10.350
00:26,663,1,0.529,HIGH,7.287
00:26,664,1,0.307,HIGH,7.539
00:26,665,2,0.294,LOW,0.587
00:26,665,2,0.282,LOW,1.306
00:26,667,1,0.403,LOW,0.691
00:26,668,2,0.629,MEDIUM,4.006
00:26,668,2,0.422,LOW,0.715
00:26,669,2,0.641,MEDIUM,4.053
00:26,669,2,0.525,LOW,0.813
00:26,670,3,0.668,MEDIUM,4.325
00:26,670,3,0.330,MEDIUM,2.056
00:26,670,3,0.275,LOW,0.787
00:26,671,4,0.687,MEDIUM,4.324
00:26,671,4,0.506,LOW,0.805
00:26,671,4,0.352,MEDIUM,2.054
00:26,671,4,0.321,LOW,0.557
00:26,672,3,0.672,MEDIUM,4.230
00:26,672,3,0.575,LOW,0.774
00:26,672,3,0.267,MEDIUM,2.069
00:26,673,4,0.752,MEDIUM,5.179
00:26,673,4,0.547,LOW,0.789
00:26,673,4,0.336,MEDIUM,2.086
00:26,673,4,0.267,LOW,1.606
00:26,674,3,0.717,MEDIUM,5.637
00:26,674,3,0.487,LOW,0.872
00:26,674,3,0.386,MEDIUM,2.086
00:27,675,2,0.507,LOW,1.142
00:27,675,2,0.372,MEDIUM,5.837
00:27,676,3,0.577,LOW,1.193
00:27,676,3,0.492,HIGH,7.113
00:27,676,3,0.330,MEDIUM,2.325
00:27,677,5,0.582,MEDIUM,2.435
00:27,677,5,0.517,MEDIUM,6.584
00:27,677,5,0.282,LOW,1.200
00:27,677,5,0.280,MEDIUM,2.243
00:27,677,5,0.263,HIGH,9.615
00:27,678,4,0.368,LOW,1.166
00:27,678,4,0.305,MEDIUM,2.651
00:27,678,4,0.282,MEDIUM,2.577
00:27,678,4,0.260,MEDIUM,5.745
00:27,679,1,0.466,LOW,1.159
00:27,680,3,0.415,LOW,1.355
00:27,680,3,0.404,HIGH,21.180
00:27,680,3,0.315,MEDIUM,2.905
00:27,681,3,0.571,LOW,1.407
00:27,681,3,0.530,HIGH,20.564
00:27,681,3,0.290,MEDIUM,2.731
00:27,682,3,0.566,HIGH,18.179
00:27,682,3,0.316,LOW,1.454
00:27,682,3,0.307,MEDIUM,2.939
00:27,683,4,0.644,HIGH,16.041
00:27,683,4,0.518,LOW,1.155
00:27,683,4,0.405,MEDIUM,3.213
00:27,683,4,0.308,LOW,1.214
00:27,684,4,0.521,HIGH,14.465
00:27,684,4,0.494,LOW,1.386
00:27,684,4,0.425,MEDIUM,3.358
00:27,684,4,0.361,LOW,1.208
00:27,685,4,0.360,LOW,1.237
00:27,685,4,0.330,MEDIUM,2.927
00:27,685,4,0.319,HIGH,12.158
00:27,685,4,0.260,LOW,1.808
00:27,686,6,0.395,LOW,1.157
00:27,686,6,0.384,MEDIUM,3.042
00:27,686,6,0.366,LOW,1.261
00:27,686,6,0.298,HIGH,10.974
00:27,686,6,0.288,MEDIUM,2.101
00:27,686,6,0.252,HIGH,14.504
00:27,687,4,0.405,LOW,1.177
00:27,687,4,0.402,LOW,1.387
00:27,687,4,0.348,MEDIUM,3.367
00:27,687,4,0.282,HIGH,16.857
00:27,688,3,0.418,LOW,1.041
00:27,688,3,0.398,LOW,1.274
00:27,688,3,0.348,MEDIUM,3.316
00:27,689,3,0.446,LOW,1.281
00:27,689,3,0.287,MEDIUM,3.351
00:27,689,3,0.269,LOW,0.933
00:27,690,3,0.415,LOW,1.277
00:27,690,3,0.280,MEDIUM,3.388
00:27,690,3,0.267,LOW,0.856
00:27,691,2,0.496,MEDIUM,3.759
00:27,691,2,0.406,LOW,1.281
00:27,692,4,0.518,MEDIUM,3.314
00:27,692,4,0.491,LOW,1.290
00:27,692,4,0.359,HIGH,13.400
00:27,692,4,0.254,LOW,0.833
